-- PostgreSQL demo seed data
-- Run after database/postgres/schema.sql.

BEGIN;

INSERT INTO "users" ("id", "name", "email", "password", "role", "status") VALUES
  ('u_admin', 'Admin User', 'admin@race.test', 'admin123', 'admin', 'active'),
  ('u_owner', 'Sterling Stables', 'owner@race.test', 'owner123', 'owner', 'active'),
  ('u_owner_phoenix', 'Phoenix Racing', 'owner2@race.test', 'owner2123', 'owner', 'active'),
  ('u_jockey', 'Marcus Sterling', 'jockey@race.test', 'jockey123', 'jockey', 'active'),
  ('u_referee', 'Olivia Grant', 'referee@race.test', 'referee123', 'referee', 'active'),
  ('u_referee_minh', 'Minh Tran', 'referee2@race.test', 'referee2123', 'referee', 'active'),
  ('u_spectator', 'Spectator User', 'spectator@race.test', 'spectator123', 'spectator', 'active'),
  ('u_spectator_linh', 'Linh Nguyen', 'spectator2@race.test', 'spectator2123', 'spectator', 'active'),
  ('u_jockey_pending', 'Diego Martinez', 'diego@race.test', 'diego123', 'jockey', 'active'),
  ('u_jockey_sarah', 'Sarah Chen', 'sarah@race.test', 'sarah123', 'jockey', 'active'),
  ('u_jockey_emily', 'Emily Johnson', 'emily@race.test', 'emily123', 'jockey', 'active'),
  ('u_jockey_james', 'James O''Connor', 'james@race.test', 'james123', 'jockey', 'active'),
  ('u_jockey_daniel', 'Daniel Ho', 'daniel@race.test', 'daniel123', 'jockey', 'active'),
  ('u_jockey_amelia', 'Amelia Brooks', 'amelia@race.test', 'amelia123', 'jockey', 'active'),
  ('u_jockey_ryan', 'Ryan Park', 'ryan@race.test', 'ryan123', 'jockey', 'active'),
  ('u_jockey_hana', 'Hana Mori', 'hana@race.test', 'hana123', 'jockey', 'active'),
  ('u_jockey_lucas', 'Lucas Meyer', 'lucas@race.test', 'lucas123', 'jockey', 'active');

INSERT INTO "tournaments" ("id", "name", "status", "registrationWindow", "startDate", "finalDate", "location", "prizePool") VALUES
  ('t_001', 'Summer Derby Classic', 'approvals', 'May 20 - May 31, 2026', 'June 10, 2026', 'June 30, 2026', 'Churchill Downs', 750000);

INSERT INTO "horses" ("id", "name", "breed", "species", "age", "sex", "color", "weightKg", "heightCm", "baseHandicap", "speedRating", "staminaRating", "formRating", "healthRating", "overallRating", "healthStatus", "profileNotes", "ownerUserId", "status", "selectedJockeyUserId", "jockeyConfirmation", "veterinaryCertificateUrl", "createdAt") VALUES
  ('h_001', 'Midnight Storm', 'Thoroughbred', 'Equus ferus caballus', 4, 'Stallion', 'Black', 485, 164, 5, 88, 82, 86, 92, 86.80, 'Cleared', 'Explosive late sprint and stable turf performance.', 'u_owner', 'approved', 'u_jockey', 'confirmed', NULL, NULL),
  ('h_002', 'Racing Thunder', 'Quarter Horse', 'Equus ferus caballus', 3, 'Mare', 'Bay', 462, 158, 4, 91, 74, 80, 88, 84.00, 'Cleared', 'Strong start speed, best suited for short-distance races.', 'u_owner', 'approved', 'u_jockey_pending', 'confirmed', NULL, NULL),
  ('h_003', 'Silver Arrow', 'Arabian', 'Equus ferus caballus', 5, 'Gelding', 'Grey', 471, 160, 4, 86, 84, 82, 90, 85.40, 'Cleared', 'Balanced runner with consistent middle-distance form.', 'u_owner', 'approved', 'u_jockey_sarah', 'confirmed', NULL, NULL),
  ('h_004', 'Royal Phantom', 'Thoroughbred', 'Equus ferus caballus', 4, 'Mare', 'Chestnut', 474, 162, 5, 87, 86, 85, 89, 86.90, 'Cleared', 'Strong turn speed and stable recovery profile.', 'u_owner', 'approved', 'u_jockey_emily', 'confirmed', NULL, NULL),
  ('h_005', 'Golden Spirit', 'Thoroughbred', 'Equus ferus caballus', 6, 'Gelding', 'Palomino', 468, 159, 3, 82, 88, 79, 86, 83.70, 'Cleared', 'Veteran runner with reliable late-race stamina.', 'u_owner', 'approved', 'u_jockey_james', 'confirmed', NULL, NULL),
  ('h_006', 'Thunder Bolt', 'Thoroughbred', 'Equus ferus caballus', 4, 'Stallion', 'Bay', 492, 166, 5, 89, 80, 84, 88, 85.70, 'Cleared', 'Aggressive front runner suited to turf qualifiers.', 'u_owner_phoenix', 'approved', 'u_jockey_daniel', 'confirmed', NULL, NULL),
  ('h_007', 'Emerald Wind', 'Arabian', 'Equus ferus caballus', 5, 'Mare', 'Bay', 458, 157, 3, 83, 89, 81, 91, 85.50, 'Cleared', 'Lightweight mare with strong endurance profile.', 'u_owner_phoenix', 'approved', 'u_jockey_amelia', 'confirmed', NULL, NULL),
  ('h_008', 'Crimson River', 'Quarter Horse', 'Equus ferus caballus', 3, 'Colt', 'Chestnut', 466, 158, 4, 90, 76, 83, 87, 84.40, 'Cleared', 'Quick-start sprinter with improving race-day form.', 'u_owner_phoenix', 'approved', 'u_jockey_ryan', 'confirmed', NULL, NULL),
  ('h_009', 'Blue Comet', 'Thoroughbred', 'Equus ferus caballus', 4, 'Gelding', 'Dark Bay', 480, 163, 4, 85, 83, 88, 90, 86.00, 'Cleared', 'Reliable pace control and clean corner handling.', 'u_owner_phoenix', 'approved', 'u_jockey_hana', 'confirmed', NULL, NULL),
  ('h_010', 'Desert Crown', 'Arabian', 'Equus ferus caballus', 5, 'Stallion', 'Brown', 476, 161, 5, 84, 90, 82, 88, 85.80, 'Cleared', 'Long-distance profile with high stamina rating.', 'u_owner_phoenix', 'approved', 'u_jockey_lucas', 'confirmed', NULL, NULL);

INSERT INTO "races" ("id", "tournamentId", "raceNumber", "name", "round", "date", "time", "venue", "distance", "surface", "raceClass", "handicapMin", "handicapMax", "totalPrize", "refereeUserId", "refereeUserIds", "referee", "status", "participants", "ownerConfirmed", "jockeyConfirmed", "registrationPeriodMinutes", "registrationOpensAt", "registrationClosesAt", "resultStatus", "awardsPublished", "createdBy", "createdAt") VALUES
  ('r_001', 't_001', 'R1', 'Summer Derby Qualifier R1', 'Qualifier', 'June 10, 2026', '16:30', 'Churchill Downs', '1400m', 'Turf', 'Class A', 0, 5, 150000, 'u_referee', 'u_referee', 'Olivia Grant', 'registration-open', 10, 0, 0, 10, '2026-06-10T09:00:00.000Z', '2026-06-10T09:20:00.000Z', 'draft', FALSE, 'u_admin', NULL),
  ('r_002', 't_001', 'R2', 'Summer Derby Sprint R2', 'Qualifier', 'June 12, 2026', '15:00', 'Churchill Downs', '1200m', 'Dirt', 'Class B', 2, 6, 175000, 'u_referee', 'u_referee', 'Olivia Grant', 'registration-open', 0, 0, 0, 10, '2026-06-12T07:00:00.000Z', '2026-06-12T07:10:00.000Z', 'draft', FALSE, 'u_admin', NULL),
  ('r_003', 't_001', 'R3', 'Summer Derby Semi Final R3', 'Semi Final', 'June 20, 2026', '17:00', 'Churchill Downs', '1600m', 'Turf', 'Class A', 4, 8, 200000, 'u_referee', 'u_referee', 'Olivia Grant', 'draft', 0, 0, 0, 10, '2026-06-20T09:30:00.000Z', '2026-06-20T09:40:00.000Z', 'draft', FALSE, 'u_admin', NULL),
  ('r_004', 't_001', 'R4', 'Summer Derby Feature R4', 'Qualifier', 'June 18, 2026', '17:00', 'Churchill Downs', '1600m', 'Turf', 'Class A', 4, 8, 200000, 'u_referee', 'u_referee', 'Olivia Grant', 'registration-closed', 0, 0, 0, 10, '2026-06-18T09:30:00.000Z', '2026-06-18T09:40:00.000Z', 'draft', FALSE, 'u_admin', NULL),
  ('r_005', 't_001', 'R5', 'Summer Derby Mile R5', 'Semi Final', 'June 21, 2026', '15:30', 'Churchill Downs', '1600m', 'Dirt', 'Class A', 4, 8, 200000, 'u_referee', 'u_referee', 'Olivia Grant', 'draft', 0, 0, 0, 10, '2026-06-21T08:30:00.000Z', '2026-06-21T08:40:00.000Z', 'draft', FALSE, 'u_admin', NULL),
  ('r_006', 't_001', 'R6', 'Summer Derby Stayers R6', 'Semi Final', 'June 24, 2026', '16:20', 'Churchill Downs', '1700m', 'Turf', 'Class A', 5, 9, 210000, 'u_referee', 'u_referee', 'Olivia Grant', 'draft', 0, 0, 0, 10, '2026-06-24T08:30:00.000Z', '2026-06-24T08:40:00.000Z', 'draft', FALSE, 'u_admin', NULL),
  ('r_007', 't_001', 'R7', 'Summer Derby Championship R7', 'Final Qualifier', 'June 27, 2026', '17:10', 'Churchill Downs', '1800m', 'Turf', 'Championship', 5, 10, 225000, 'u_referee', 'u_referee', 'Olivia Grant', 'draft', 0, 0, 0, 10, '2026-06-27T09:00:00.000Z', '2026-06-27T09:10:00.000Z', 'draft', FALSE, 'u_admin', NULL),
  ('r_008', 't_001', 'R8', 'Summer Derby Final Qualifier R8', 'Final Qualifier', 'June 30, 2026', '18:00', 'Churchill Downs', '2000m', 'Turf', 'Championship', 6, 10, 250000, 'u_referee', 'u_referee', 'Olivia Grant', 'draft', 0, 0, 0, 10, '2026-06-30T10:00:00.000Z', '2026-06-30T10:10:00.000Z', 'draft', FALSE, 'u_admin', NULL),
  ('r_009', 't_001', 'R9', 'Summer Derby Grand Trial R9', 'Grand Trial', 'July 03, 2026', '17:30', 'Churchill Downs', '2100m', 'Turf', 'Championship', 6, 10, 260000, 'u_referee_minh', 'u_referee,u_referee_minh', 'Minh Tran', 'draft', 0, 0, 0, 10, '2026-07-03T09:00:00.000Z', '2026-07-03T09:10:00.000Z', 'draft', FALSE, 'u_admin', NULL),
  ('r_010', 't_001', 'R10', 'Summer Derby Championship Final R10', 'Final', 'July 07, 2026', '18:00', 'Churchill Downs', '2200m', 'Turf', 'Championship', 7, 10, 300000, 'u_referee_minh', 'u_referee,u_referee_minh', 'Minh Tran', 'draft', 0, 0, 0, 10, '2026-07-07T10:00:00.000Z', '2026-07-07T10:10:00.000Z', 'draft', FALSE, 'u_admin', NULL);

INSERT INTO "jockeyProfiles" ("id", "userId", "bio", "certificate", "competitionLevel", "weight", "status", "updatedAt") VALUES
  ('jp_001', 'u_jockey', 'Experienced sprint jockey with strong turf performance.', 'Class A Racing License', 'Elite', 54, 'published', NULL),
  ('jp_002', 'u_jockey_pending', 'Fast-start jockey with strong qualifier experience.', 'Class B Racing License', 'Qualifier', 56, 'published', NULL),
  ('jp_003', 'u_jockey_sarah', 'Technical turf specialist known for clean pacing and late-race acceleration.', 'Class A Racing License', 'Elite', 53, 'published', NULL),
  ('jp_004', 'u_jockey_emily', 'Consistent race-day performer with strong handling in sprint and dirt events.', 'Class A Racing License', 'Professional', 55, 'published', NULL),
  ('jp_005', 'u_jockey_james', 'Veteran jockey with high-pressure final-round experience.', 'Class S Racing License', 'Champion', 57, 'published', NULL),
  ('jp_006', 'u_jockey_daniel', 'Turf rider with clean break timing and steady rail control.', 'Class A Racing License', 'Professional', 55, 'published', NULL),
  ('jp_007', 'u_jockey_amelia', 'Endurance-focused jockey with strong long-distance handling.', 'Class A Racing License', 'Elite', 52, 'published', NULL),
  ('jp_008', 'u_jockey_ryan', 'Sprint specialist with high early acceleration control.', 'Class B Racing License', 'Professional', 56, 'published', NULL),
  ('jp_009', 'u_jockey_hana', 'Technical jockey known for precise cornering and pacing.', 'Class A Racing License', 'Professional', 54, 'published', NULL),
  ('jp_010', 'u_jockey_lucas', 'Experienced distance rider with strong final-section discipline.', 'Class A Racing License', 'Elite', 57, 'published', NULL);

INSERT INTO "jockeyTournamentRegistrations" ("id", "tournamentId", "jockeyUserId", "status", "createdAt", "reviewedAt") VALUES
  ('jtr_001', 't_001', 'u_jockey', 'approved', '2026-05-20T08:00:00.000Z', '2026-05-20T09:00:00.000Z'),
  ('jtr_002', 't_001', 'u_jockey_pending', 'approved', '2026-05-20T08:05:00.000Z', '2026-05-20T09:05:00.000Z'),
  ('jtr_003', 't_001', 'u_jockey_sarah', 'approved', '2026-05-20T08:10:00.000Z', '2026-05-20T09:10:00.000Z'),
  ('jtr_004', 't_001', 'u_jockey_emily', 'approved', '2026-05-20T08:15:00.000Z', '2026-05-20T09:15:00.000Z'),
  ('jtr_005', 't_001', 'u_jockey_james', 'approved', '2026-05-20T08:20:00.000Z', '2026-05-20T09:20:00.000Z'),
  ('jtr_006', 't_001', 'u_jockey_daniel', 'approved', '2026-05-20T08:25:00.000Z', '2026-05-20T09:25:00.000Z'),
  ('jtr_007', 't_001', 'u_jockey_amelia', 'approved', '2026-05-20T08:30:00.000Z', '2026-05-20T09:30:00.000Z'),
  ('jtr_008', 't_001', 'u_jockey_ryan', 'approved', '2026-05-20T08:35:00.000Z', '2026-05-20T09:35:00.000Z'),
  ('jtr_009', 't_001', 'u_jockey_hana', 'approved', '2026-05-20T08:40:00.000Z', '2026-05-20T09:40:00.000Z'),
  ('jtr_010', 't_001', 'u_jockey_lucas', 'approved', '2026-05-20T08:45:00.000Z', '2026-05-20T09:45:00.000Z');


INSERT INTO "jockeyInvitations" ("id", "horseId", "ownerUserId", "jockeyUserId", "tournamentId", "raceId", "status", "adminStatus", "createdAt", "respondedAt") VALUES
  ('657f0799-0441-4d71-b346-9de61a779621', 'h_001', 'u_owner', 'u_jockey', 't_001', 'r_001', 'accepted', 'approved', '2026-05-30T06:36:52.174Z', '2026-05-30T06:37:25.068Z'),
  ('6f27d8f4-f06c-47ed-aa42-341b5558c17d', 'h_002', 'u_owner', 'u_jockey_pending', 't_001', 'r_001', 'accepted', 'approved', '2026-05-29T13:29:07.084Z', '2026-05-29T13:29:07.168Z'),
  ('ji_003', 'h_003', 'u_owner', 'u_jockey_sarah', 't_001', 'r_001', 'accepted', 'approved', '2026-05-29T13:30:00.000Z', '2026-05-29T13:31:00.000Z'),
  ('ji_004', 'h_004', 'u_owner', 'u_jockey_emily', 't_001', 'r_001', 'accepted', 'approved', '2026-05-29T13:32:00.000Z', '2026-05-29T13:33:00.000Z'),
  ('ji_005', 'h_005', 'u_owner', 'u_jockey_james', 't_001', 'r_001', 'accepted', 'approved', '2026-05-29T13:34:00.000Z', '2026-05-29T13:35:00.000Z'),
  ('ji_006', 'h_006', 'u_owner_phoenix', 'u_jockey_daniel', 't_001', 'r_001', 'accepted', 'approved', '2026-05-29T13:36:00.000Z', '2026-05-29T13:37:00.000Z'),
  ('ji_007', 'h_007', 'u_owner_phoenix', 'u_jockey_amelia', 't_001', 'r_001', 'accepted', 'approved', '2026-05-29T13:38:00.000Z', '2026-05-29T13:39:00.000Z'),
  ('ji_008', 'h_008', 'u_owner_phoenix', 'u_jockey_ryan', 't_001', 'r_001', 'accepted', 'approved', '2026-05-29T13:40:00.000Z', '2026-05-29T13:41:00.000Z'),
  ('ji_009', 'h_009', 'u_owner_phoenix', 'u_jockey_hana', 't_001', 'r_001', 'accepted', 'approved', '2026-05-29T13:42:00.000Z', '2026-05-29T13:43:00.000Z'),
  ('ji_010', 'h_010', 'u_owner_phoenix', 'u_jockey_lucas', 't_001', 'r_001', 'accepted', 'approved', '2026-05-29T13:44:00.000Z', '2026-05-29T13:45:00.000Z');

INSERT INTO "raceEntries" ("id", "raceId", "horseId", "jockeyUserId", "invitationId", "status", "lane", "handicap", "ratingSnapshot", "ownerConfirmed", "jockeyConfirmed", "preRaceStatus", "disqualified", "resultStatus", "position", "finishTime", "notes", "violationNotes", "createdAt") VALUES
  ('re_001', 'r_001', 'h_001', 'u_jockey', '657f0799-0441-4d71-b346-9de61a779621', 'approved', NULL, 0, 0, FALSE, FALSE, 'pending', FALSE, 'draft', NULL, NULL, NULL, NULL, '2026-05-30T06:37:55.952Z'),
  ('re_002', 'r_001', 'h_002', 'u_jockey_pending', '6f27d8f4-f06c-47ed-aa42-341b5558c17d', 'approved', NULL, 0, 0, FALSE, FALSE, 'pending', FALSE, 'draft', NULL, NULL, NULL, NULL, '2026-05-29T13:29:07.246Z'),
  ('re_003', 'r_001', 'h_003', 'u_jockey_sarah', 'ji_003', 'approved', NULL, 0, 0, FALSE, FALSE, 'pending', FALSE, 'draft', NULL, NULL, NULL, NULL, '2026-05-29T13:31:00.000Z'),
  ('re_004', 'r_001', 'h_004', 'u_jockey_emily', 'ji_004', 'approved', NULL, 0, 0, FALSE, FALSE, 'pending', FALSE, 'draft', NULL, NULL, NULL, NULL, '2026-05-29T13:33:00.000Z'),
  ('re_005', 'r_001', 'h_005', 'u_jockey_james', 'ji_005', 'approved', NULL, 0, 0, FALSE, FALSE, 'pending', FALSE, 'draft', NULL, NULL, NULL, NULL, '2026-05-29T13:35:00.000Z'),
  ('re_006', 'r_001', 'h_006', 'u_jockey_daniel', 'ji_006', 'approved', NULL, 0, 0, FALSE, FALSE, 'pending', FALSE, 'draft', NULL, NULL, NULL, NULL, '2026-05-29T13:37:00.000Z'),
  ('re_007', 'r_001', 'h_007', 'u_jockey_amelia', 'ji_007', 'approved', NULL, 0, 0, FALSE, FALSE, 'pending', FALSE, 'draft', NULL, NULL, NULL, NULL, '2026-05-29T13:39:00.000Z'),
  ('re_008', 'r_001', 'h_008', 'u_jockey_ryan', 'ji_008', 'approved', NULL, 0, 0, FALSE, FALSE, 'pending', FALSE, 'draft', NULL, NULL, NULL, NULL, '2026-05-29T13:41:00.000Z'),
  ('re_009', 'r_001', 'h_009', 'u_jockey_hana', 'ji_009', 'approved', NULL, 0, 0, FALSE, FALSE, 'pending', FALSE, 'draft', NULL, NULL, NULL, NULL, '2026-05-29T13:43:00.000Z'),
  ('re_010', 'r_001', 'h_010', 'u_jockey_lucas', 'ji_010', 'approved', NULL, 0, 0, FALSE, FALSE, 'pending', FALSE, 'draft', NULL, NULL, NULL, NULL, '2026-05-29T13:45:00.000Z');

-- Active tournament progress demo: R1 and R2 completed, R3 published and waiting.
UPDATE "races"
SET
  "status" = CASE "id"
    WHEN 'r_001' THEN 'completed'
    WHEN 'r_002' THEN 'completed'
    WHEN 'r_003' THEN 'published'
    ELSE "status"
  END,
  "participants" = CASE "id" WHEN 'r_001' THEN 10 WHEN 'r_002' THEN 10 WHEN 'r_003' THEN 10 ELSE "participants" END,
  "ownerConfirmed" = CASE "id" WHEN 'r_001' THEN 10 WHEN 'r_002' THEN 10 WHEN 'r_003' THEN 10 ELSE "ownerConfirmed" END,
  "jockeyConfirmed" = CASE "id" WHEN 'r_001' THEN 10 WHEN 'r_002' THEN 10 WHEN 'r_003' THEN 10 ELSE "jockeyConfirmed" END,
  "resultStatus" = CASE "id" WHEN 'r_001' THEN 'official' WHEN 'r_002' THEN 'official' WHEN 'r_003' THEN 'draft' ELSE "resultStatus" END,
  "awardsPublished" = CASE "id" WHEN 'r_001' THEN TRUE WHEN 'r_002' THEN TRUE WHEN 'r_003' THEN FALSE ELSE "awardsPublished" END
WHERE "id" IN ('r_001', 'r_002', 'r_003');

UPDATE "raceEntries" AS "entry"
SET
  "lane" = "values"."lane",
  "handicap" = "values"."handicap",
  "ratingSnapshot" = "values"."rating",
  "ownerConfirmed" = TRUE,
  "jockeyConfirmed" = TRUE,
  "preRaceStatus" = 'ready',
  "resultStatus" = 'official',
  "position" = "values"."position",
  "finishTime" = "values"."finishTime",
  "notes" = "values"."notes",
  "violationNotes" = ''
FROM (VALUES
  ('re_001', 1, 5.0, 86.8, 1, '01:31.24', 'R1 official result - 10 pts'),
  ('re_002', 2, 5.0, 84.0, 2, '01:32.80', 'R1 official result - 7 pts'),
  ('re_003', 3, 5.0, 85.4, 3, '01:34.10', 'R1 official result - 5 pts'),
  ('re_004', 4, 5.0, 86.9, 4, '01:35.64', 'R1 official result - 3 pts'),
  ('re_005', 5, 5.0, 83.7, 5, '01:37.02', 'R1 official result - 2 pts'),
  ('re_006', 6, 5.0, 85.7, 6, '01:38.40', 'R1 official result - 1 pt'),
  ('re_007', 7, 5.0, 85.5, 7, '01:39.65', 'R1 official result - 0 pts'),
  ('re_008', 8, 5.0, 84.4, 8, '01:40.21', 'R1 official result - 0 pts'),
  ('re_009', 9, 5.0, 86.0, 9, '01:41.36', 'R1 official result - 0 pts'),
  ('re_010', 10, 5.0, 85.8, 10, '01:42.08', 'R1 official result - 0 pts')
) AS "values"("id", "lane", "handicap", "rating", "position", "finishTime", "notes")
WHERE "entry"."id" = "values"."id";

INSERT INTO "raceEntries" ("id", "raceId", "horseId", "jockeyUserId", "invitationId", "status", "lane", "handicap", "ratingSnapshot", "ownerConfirmed", "jockeyConfirmed", "preRaceStatus", "disqualified", "resultStatus", "position", "finishTime", "notes", "violationNotes", "createdAt") VALUES
  ('active_r2_e_01', 'r_002', 'h_001', 'u_jockey', NULL, 'approved', 1, 5.2, 86.8, TRUE, TRUE, 'ready', FALSE, 'official', 2, '01:18.42', 'R2 official result - 7 pts', '', '2026-06-12T08:00:00.000Z'),
  ('active_r2_e_02', 'r_002', 'h_002', 'u_jockey_pending', NULL, 'approved', 2, 5.4, 84.0, TRUE, TRUE, 'ready', FALSE, 'official', 4, '01:21.07', 'R2 official result - 3 pts', '', '2026-06-12T08:00:00.000Z'),
  ('active_r2_e_03', 'r_002', 'h_003', 'u_jockey_sarah', NULL, 'approved', 3, 5.1, 85.4, TRUE, TRUE, 'ready', FALSE, 'official', 1, '01:17.86', 'R2 official result - 10 pts', '', '2026-06-12T08:00:00.000Z'),
  ('active_r2_e_04', 'r_002', 'h_004', 'u_jockey_emily', NULL, 'approved', 4, 5.5, 86.9, TRUE, TRUE, 'ready', FALSE, 'official', 6, '01:23.31', 'R2 official result - 1 pt', '', '2026-06-12T08:00:00.000Z'),
  ('active_r2_e_05', 'r_002', 'h_005', 'u_jockey_james', NULL, 'approved', 5, 4.8, 83.7, TRUE, TRUE, 'ready', FALSE, 'official', 8, '01:24.52', 'R2 official result - 0 pts', '', '2026-06-12T08:00:00.000Z'),
  ('active_r2_e_06', 'r_002', 'h_006', 'u_jockey_daniel', NULL, 'approved', 6, 5.0, 85.7, TRUE, TRUE, 'ready', FALSE, 'official', 7, '01:24.01', 'R2 official result - 0 pts', '', '2026-06-12T08:00:00.000Z'),
  ('active_r2_e_07', 'r_002', 'h_007', 'u_jockey_amelia', NULL, 'approved', 7, 5.3, 85.5, TRUE, TRUE, 'ready', FALSE, 'official', 3, '01:19.64', 'R2 official result - 5 pts', '', '2026-06-12T08:00:00.000Z'),
  ('active_r2_e_08', 'r_002', 'h_008', 'u_jockey_ryan', NULL, 'approved', 8, 5.0, 84.4, TRUE, TRUE, 'ready', FALSE, 'official', 5, '01:22.48', 'R2 official result - 2 pts', '', '2026-06-12T08:00:00.000Z'),
  ('active_r2_e_09', 'r_002', 'h_009', 'u_jockey_hana', NULL, 'approved', 9, 5.2, 86.0, TRUE, TRUE, 'ready', FALSE, 'official', 9, '01:25.17', 'R2 official result - 0 pts', '', '2026-06-12T08:00:00.000Z'),
  ('active_r2_e_10', 'r_002', 'h_010', 'u_jockey_lucas', NULL, 'approved', 10, 5.1, 85.8, TRUE, TRUE, 'ready', FALSE, 'official', 10, '01:26.33', 'R2 official result - 0 pts', '', '2026-06-12T08:00:00.000Z')
ON CONFLICT ("id") DO UPDATE SET
  "lane" = EXCLUDED."lane",
  "handicap" = EXCLUDED."handicap",
  "ratingSnapshot" = EXCLUDED."ratingSnapshot",
  "ownerConfirmed" = TRUE,
  "jockeyConfirmed" = TRUE,
  "preRaceStatus" = 'ready',
  "resultStatus" = 'official',
  "position" = EXCLUDED."position",
  "finishTime" = EXCLUDED."finishTime",
  "notes" = EXCLUDED."notes";

INSERT INTO "raceEntries" ("id", "raceId", "horseId", "jockeyUserId", "invitationId", "status", "lane", "handicap", "ratingSnapshot", "ownerConfirmed", "jockeyConfirmed", "preRaceStatus", "disqualified", "resultStatus", "position", "finishTime", "notes", "violationNotes", "createdAt") VALUES
  ('active_r3_e_01', 'r_003', 'h_001', 'u_jockey', NULL, 'approved', 1, 6.0, 86.8, TRUE, TRUE, 'ready', FALSE, 'draft', NULL, NULL, 'Waiting for R3 start', '', '2026-06-20T08:00:00.000Z'),
  ('active_r3_e_02', 'r_003', 'h_002', 'u_jockey_pending', NULL, 'approved', 2, 6.0, 84.0, TRUE, TRUE, 'ready', FALSE, 'draft', NULL, NULL, 'Waiting for R3 start', '', '2026-06-20T08:00:00.000Z'),
  ('active_r3_e_03', 'r_003', 'h_003', 'u_jockey_sarah', NULL, 'approved', 3, 6.0, 85.4, TRUE, TRUE, 'ready', FALSE, 'draft', NULL, NULL, 'Waiting for R3 start', '', '2026-06-20T08:00:00.000Z'),
  ('active_r3_e_04', 'r_003', 'h_004', 'u_jockey_emily', NULL, 'approved', 4, 6.0, 86.9, TRUE, TRUE, 'ready', FALSE, 'draft', NULL, NULL, 'Waiting for R3 start', '', '2026-06-20T08:00:00.000Z'),
  ('active_r3_e_05', 'r_003', 'h_005', 'u_jockey_james', NULL, 'approved', 5, 6.0, 83.7, TRUE, TRUE, 'ready', FALSE, 'draft', NULL, NULL, 'Waiting for R3 start', '', '2026-06-20T08:00:00.000Z'),
  ('active_r3_e_06', 'r_003', 'h_006', 'u_jockey_daniel', NULL, 'approved', 6, 6.0, 85.7, TRUE, TRUE, 'ready', FALSE, 'draft', NULL, NULL, 'Waiting for R3 start', '', '2026-06-20T08:00:00.000Z'),
  ('active_r3_e_07', 'r_003', 'h_007', 'u_jockey_amelia', NULL, 'approved', 7, 6.0, 85.5, TRUE, TRUE, 'ready', FALSE, 'draft', NULL, NULL, 'Waiting for R3 start', '', '2026-06-20T08:00:00.000Z'),
  ('active_r3_e_08', 'r_003', 'h_008', 'u_jockey_ryan', NULL, 'approved', 8, 6.0, 84.4, TRUE, TRUE, 'ready', FALSE, 'draft', NULL, NULL, 'Waiting for R3 start', '', '2026-06-20T08:00:00.000Z'),
  ('active_r3_e_09', 'r_003', 'h_009', 'u_jockey_hana', NULL, 'approved', 9, 6.0, 86.0, TRUE, TRUE, 'ready', FALSE, 'draft', NULL, NULL, 'Waiting for R3 start', '', '2026-06-20T08:00:00.000Z'),
  ('active_r3_e_10', 'r_003', 'h_010', 'u_jockey_lucas', NULL, 'approved', 10, 6.0, 85.8, TRUE, TRUE, 'ready', FALSE, 'draft', NULL, NULL, 'Waiting for R3 start', '', '2026-06-20T08:00:00.000Z')
ON CONFLICT ("id") DO UPDATE SET
  "lane" = EXCLUDED."lane",
  "handicap" = EXCLUDED."handicap",
  "ratingSnapshot" = EXCLUDED."ratingSnapshot",
  "ownerConfirmed" = TRUE,
  "jockeyConfirmed" = TRUE,
  "preRaceStatus" = 'ready',
  "resultStatus" = 'draft',
  "position" = NULL,
  "finishTime" = NULL,
  "notes" = EXCLUDED."notes";

INSERT INTO "notifications" ("id", "userId", "title", "message", "isRead", "createdAt") VALUES
  ('4fdc7e54-3a9b-4269-81d1-ba55b9dc1d32', 'u_jockey', 'You are approved for the race', 'Admin approved your assignment to ride Midnight Storm in Summer Derby Qualifier R1.', FALSE, '2026-05-30T06:37:55.954Z'),
  ('93c149c9-bf86-41e4-8eb7-89c64a052891', 'u_owner', 'Pairing approved for race', 'Admin approved Midnight Storm with Marcus Sterling for Summer Derby Qualifier R1.', FALSE, '2026-05-30T06:37:55.954Z'),
  ('059533b5-c2df-4c3b-9321-cfa747f6ee32', 'u_referee', 'Race assignment pending', 'You have been assigned to Summer Derby Qualifier R1. Please confirm your assignment.', FALSE, '2026-05-30T06:37:55.954Z'),
  ('eb60558c-caf7-48b3-a172-31e0994dd9a7', 'u_jockey', 'Confirm race participation', 'Please confirm riding Midnight Storm in Summer Derby Qualifier R1.', FALSE, '2026-05-30T06:37:55.954Z'),
  ('e449743e-8be3-4cba-ab98-b268a00ed52c', 'u_owner', 'Confirm race participation', 'Please confirm Midnight Storm for Summer Derby Qualifier R1.', FALSE, '2026-05-30T06:37:55.954Z'),
  ('a23449a9-13d4-4bbd-99a9-1a9f8c6c9362', 'u_admin', 'Horse-Jockey pairing needs approval', 'Sterling Stables / Midnight Storm + Marcus Sterling for Summer Derby Qualifier R1 is waiting for race assignment approval.', FALSE, '2026-05-30T06:37:25.070Z'),
  ('06f35867-df63-4a1c-aded-1978e745f3c4', 'u_owner', 'Jockey accepted request', 'Marcus Sterling accepted riding Midnight Storm for Summer Derby Qualifier R1. Waiting for Admin approval.', FALSE, '2026-05-30T06:37:25.069Z'),
  ('75a4b857-141e-4924-ab6f-737ef033c500', 'u_jockey', 'New riding request', 'Sterling Stables invited you to ride Midnight Storm.', TRUE, '2026-05-30T06:36:52.174Z'),
  ('8764a9ab-e0be-4504-87a0-df803e18813f', 'u_jockey', 'You are approved for the race', 'Admin approved your assignment to ride Racing Thunder in Summer Derby Qualifier R1.', FALSE, '2026-05-29T13:29:07.246Z'),
  ('c186735b-f62d-4bc6-8eb1-74deea3843f4', 'u_owner', 'Pairing approved for race', 'Admin approved Racing Thunder with Marcus Sterling for Summer Derby Qualifier R1.', FALSE, '2026-05-29T13:29:07.246Z'),
  ('5a4a840c-626d-4783-bc04-fa90cab172d6', 'u_admin', 'Horse-Jockey pairing needs approval', 'Sterling Stables / Racing Thunder + Marcus Sterling for Summer Derby Qualifier R1 is waiting for race assignment approval.', FALSE, '2026-05-29T13:29:07.168Z'),
  ('09308718-7b2a-4f2e-9ea8-5a5c75b10fd6', 'u_owner', 'Jockey accepted request', 'Marcus Sterling accepted riding Racing Thunder for Summer Derby Qualifier R1. Waiting for Admin approval.', FALSE, '2026-05-29T13:29:07.168Z'),
  ('24a86ba8-8982-4180-8544-56507bee27ce', 'u_jockey', 'New riding request', 'Sterling Stables invited you to ride Racing Thunder.', FALSE, '2026-05-29T13:29:07.084Z'),
  ('0d91b781-e3fc-4632-a466-628f3c742906', 'u_jockey', 'New riding request', 'Sterling Stables invited you to ride Racing Thunder.', FALSE, '2026-05-29T13:28:44.065Z'),
  ('6c736589-8c46-4431-8ca3-d8a0a99a7a76', 'u_jockey_pending', 'Jockey account approved', 'Your jockey application has been approved by Admin.', FALSE, '2026-05-29T09:50:12.731Z'),
  ('0f827d69-7d47-473e-aa0b-183af14b598e', 'u_owner', 'Horse approved', 'Racing Thunder has been approved by Admin.', TRUE, '2026-05-29T09:50:07.073Z'),
  ('n_seed_owner', 'u_owner', 'Horse registration submitted', 'Racing Thunder is waiting for admin approval.', TRUE, '2026-05-29T09:00:00.000Z'),
  ('n_referee_minh_seed', 'u_referee_minh', 'Race assignment', 'You are assigned to Summer Derby Grand Trial R9 and Championship Final R10.', FALSE, '2026-06-03T09:00:00.000Z'),
  ('n_spectator_linh_seed', 'u_spectator_linh', 'Tournament announcement', 'Summer Derby Classic has R1 and R2 completed. R3 is published and waiting to start.', FALSE, '2026-06-03T09:00:00.000Z');


-- Completed tournament demo data
INSERT INTO "tournaments" ("id", "name", "status", "registrationWindow", "startDate", "finalDate", "location", "prizePool") VALUES ('t_2025', 'Autumn Gold Cup 2025', 'completed', 'Sep 01 - Sep 15, 2025', 'Oct 01, 2025', 'Oct 25, 2025', 'Sha Tin Racecourse', 680000) ON CONFLICT ("id") DO UPDATE SET "name"=EXCLUDED."name", "status"=EXCLUDED."status", "registrationWindow"=EXCLUDED."registrationWindow", "startDate"=EXCLUDED."startDate", "finalDate"=EXCLUDED."finalDate", "location"=EXCLUDED."location", "prizePool"=EXCLUDED."prizePool";
INSERT INTO "races" ("id", "tournamentId", "raceNumber", "name", "round", "date", "time", "venue", "distance", "surface", "raceClass", "handicapMin", "handicapMax", "totalPrize", "refereeUserId", "refereeUserIds", "referee", "status", "participants", "ownerConfirmed", "jockeyConfirmed", "registrationPeriodMinutes", "registrationOpensAt", "registrationClosesAt", "resultStatus", "awardsPublished", "createdBy", "createdAt") VALUES ('t_2025_r_01', 't_2025', 'R1', 'Autumn Gold Cup R1', 'Qualifier', 'October 02, 2025', '16:30', 'Sha Tin Racecourse', '1300m', 'Turf', 'Class A', 1, 7, 68000, 'u_referee', 'u_referee', 'Olivia Grant', 'completed', 10, 10, 10, 10, '2025-01-01T00:00:00.000Z', '2025-01-01T00:10:00.000Z', 'official', TRUE, 'u_admin', NULL) ON CONFLICT ("id") DO UPDATE SET "status"='completed', "participants"=10, "ownerConfirmed"=10, "jockeyConfirmed"=10, "resultStatus"='official', "awardsPublished"=TRUE;
INSERT INTO "raceEntries" ("id", "raceId", "horseId", "jockeyUserId", "invitationId", "status", "lane", "handicap", "ratingSnapshot", "ownerConfirmed", "jockeyConfirmed", "preRaceStatus", "disqualified", "resultStatus", "position", "finishTime", "notes", "violationNotes", "createdAt") VALUES ('t_2025_r_01_e_01', 't_2025_r_01', 'h_007', 'u_jockey_ryan', NULL, 'approved', 1, 6, 85.5, TRUE, TRUE, 'ready', FALSE, 'official', 1, '01:31.31', 'Score 10 pts', '', '2025-01-01T00:00:00.000Z') ON CONFLICT ("id") DO UPDATE SET "jockeyUserId"=EXCLUDED."jockeyUserId", "lane"=EXCLUDED."lane", "handicap"=EXCLUDED."handicap", "ratingSnapshot"=EXCLUDED."ratingSnapshot", "ownerConfirmed"=TRUE, "jockeyConfirmed"=TRUE, "preRaceStatus"='ready', "resultStatus"='official', "position"=EXCLUDED."position", "finishTime"=EXCLUDED."finishTime", "notes"=EXCLUDED."notes";
INSERT INTO "raceEntries" ("id", "raceId", "horseId", "jockeyUserId", "invitationId", "status", "lane", "handicap", "ratingSnapshot", "ownerConfirmed", "jockeyConfirmed", "preRaceStatus", "disqualified", "resultStatus", "position", "finishTime", "notes", "violationNotes", "createdAt") VALUES ('t_2025_r_01_e_02', 't_2025_r_01', 'h_004', 'u_jockey_james', NULL, 'approved', 2, 7, 86.9, TRUE, TRUE, 'ready', FALSE, 'official', 2, '01:33.22', 'Score 7 pts', '', '2025-01-01T00:00:00.000Z') ON CONFLICT ("id") DO UPDATE SET "jockeyUserId"=EXCLUDED."jockeyUserId", "lane"=EXCLUDED."lane", "handicap"=EXCLUDED."handicap", "ratingSnapshot"=EXCLUDED."ratingSnapshot", "ownerConfirmed"=TRUE, "jockeyConfirmed"=TRUE, "preRaceStatus"='ready', "resultStatus"='official', "position"=EXCLUDED."position", "finishTime"=EXCLUDED."finishTime", "notes"=EXCLUDED."notes";
INSERT INTO "raceEntries" ("id", "raceId", "horseId", "jockeyUserId", "invitationId", "status", "lane", "handicap", "ratingSnapshot", "ownerConfirmed", "jockeyConfirmed", "preRaceStatus", "disqualified", "resultStatus", "position", "finishTime", "notes", "violationNotes", "createdAt") VALUES ('t_2025_r_01_e_03', 't_2025_r_01', 'h_001', 'u_jockey_pending', NULL, 'approved', 3, 4, 86.8, TRUE, TRUE, 'ready', FALSE, 'official', 3, '01:35.13', 'Score 5 pts', '', '2025-01-01T00:00:00.000Z') ON CONFLICT ("id") DO UPDATE SET "jockeyUserId"=EXCLUDED."jockeyUserId", "lane"=EXCLUDED."lane", "handicap"=EXCLUDED."handicap", "ratingSnapshot"=EXCLUDED."ratingSnapshot", "ownerConfirmed"=TRUE, "jockeyConfirmed"=TRUE, "preRaceStatus"='ready', "resultStatus"='official', "position"=EXCLUDED."position", "finishTime"=EXCLUDED."finishTime", "notes"=EXCLUDED."notes";
INSERT INTO "raceEntries" ("id", "raceId", "horseId", "jockeyUserId", "invitationId", "status", "lane", "handicap", "ratingSnapshot", "ownerConfirmed", "jockeyConfirmed", "preRaceStatus", "disqualified", "resultStatus", "position", "finishTime", "notes", "violationNotes", "createdAt") VALUES ('t_2025_r_01_e_04', 't_2025_r_01', 'h_008', 'u_jockey_hana', NULL, 'approved', 4, 6, 84.4, TRUE, TRUE, 'ready', FALSE, 'official', 4, '01:37.34', 'Score 3 pts', '', '2025-01-01T00:00:00.000Z') ON CONFLICT ("id") DO UPDATE SET "jockeyUserId"=EXCLUDED."jockeyUserId", "lane"=EXCLUDED."lane", "handicap"=EXCLUDED."handicap", "ratingSnapshot"=EXCLUDED."ratingSnapshot", "ownerConfirmed"=TRUE, "jockeyConfirmed"=TRUE, "preRaceStatus"='ready', "resultStatus"='official', "position"=EXCLUDED."position", "finishTime"=EXCLUDED."finishTime", "notes"=EXCLUDED."notes";
INSERT INTO "raceEntries" ("id", "raceId", "horseId", "jockeyUserId", "invitationId", "status", "lane", "handicap", "ratingSnapshot", "ownerConfirmed", "jockeyConfirmed", "preRaceStatus", "disqualified", "resultStatus", "position", "finishTime", "notes", "violationNotes", "createdAt") VALUES ('t_2025_r_01_e_05', 't_2025_r_01', 'h_005', 'u_jockey_daniel', NULL, 'approved', 5, 3, 83.7, TRUE, TRUE, 'ready', FALSE, 'official', 5, '01:39.25', 'Score 2 pts', '', '2025-01-01T00:00:00.000Z') ON CONFLICT ("id") DO UPDATE SET "jockeyUserId"=EXCLUDED."jockeyUserId", "lane"=EXCLUDED."lane", "handicap"=EXCLUDED."handicap", "ratingSnapshot"=EXCLUDED."ratingSnapshot", "ownerConfirmed"=TRUE, "jockeyConfirmed"=TRUE, "preRaceStatus"='ready', "resultStatus"='official', "position"=EXCLUDED."position", "finishTime"=EXCLUDED."finishTime", "notes"=EXCLUDED."notes";
INSERT INTO "raceEntries" ("id", "raceId", "horseId", "jockeyUserId", "invitationId", "status", "lane", "handicap", "ratingSnapshot", "ownerConfirmed", "jockeyConfirmed", "preRaceStatus", "disqualified", "resultStatus", "position", "finishTime", "notes", "violationNotes", "createdAt") VALUES ('t_2025_r_01_e_06', 't_2025_r_01', 'h_002', 'u_jockey_sarah', NULL, 'approved', 6, 4, 84, TRUE, TRUE, 'ready', FALSE, 'official', 6, '01:41.16', 'Score 1 pts', '', '2025-01-01T00:00:00.000Z') ON CONFLICT ("id") DO UPDATE SET "jockeyUserId"=EXCLUDED."jockeyUserId", "lane"=EXCLUDED."lane", "handicap"=EXCLUDED."handicap", "ratingSnapshot"=EXCLUDED."ratingSnapshot", "ownerConfirmed"=TRUE, "jockeyConfirmed"=TRUE, "preRaceStatus"='ready', "resultStatus"='official', "position"=EXCLUDED."position", "finishTime"=EXCLUDED."finishTime", "notes"=EXCLUDED."notes";
INSERT INTO "raceEntries" ("id", "raceId", "horseId", "jockeyUserId", "invitationId", "status", "lane", "handicap", "ratingSnapshot", "ownerConfirmed", "jockeyConfirmed", "preRaceStatus", "disqualified", "resultStatus", "position", "finishTime", "notes", "violationNotes", "createdAt") VALUES ('t_2025_r_01_e_07', 't_2025_r_01', 'h_009', 'u_jockey_lucas', NULL, 'approved', 7, 3, 86, TRUE, TRUE, 'ready', FALSE, 'official', 7, '01:43.37', 'Score 0 pts', '', '2025-01-01T00:00:00.000Z') ON CONFLICT ("id") DO UPDATE SET "jockeyUserId"=EXCLUDED."jockeyUserId", "lane"=EXCLUDED."lane", "handicap"=EXCLUDED."handicap", "ratingSnapshot"=EXCLUDED."ratingSnapshot", "ownerConfirmed"=TRUE, "jockeyConfirmed"=TRUE, "preRaceStatus"='ready', "resultStatus"='official', "position"=EXCLUDED."position", "finishTime"=EXCLUDED."finishTime", "notes"=EXCLUDED."notes";
INSERT INTO "raceEntries" ("id", "raceId", "horseId", "jockeyUserId", "invitationId", "status", "lane", "handicap", "ratingSnapshot", "ownerConfirmed", "jockeyConfirmed", "preRaceStatus", "disqualified", "resultStatus", "position", "finishTime", "notes", "violationNotes", "createdAt") VALUES ('t_2025_r_01_e_08', 't_2025_r_01', 'h_006', 'u_jockey_amelia', NULL, 'approved', 8, 4, 85.7, TRUE, TRUE, 'ready', FALSE, 'official', 8, '01:45.28', 'Score 0 pts', '', '2025-01-01T00:00:00.000Z') ON CONFLICT ("id") DO UPDATE SET "jockeyUserId"=EXCLUDED."jockeyUserId", "lane"=EXCLUDED."lane", "handicap"=EXCLUDED."handicap", "ratingSnapshot"=EXCLUDED."ratingSnapshot", "ownerConfirmed"=TRUE, "jockeyConfirmed"=TRUE, "preRaceStatus"='ready', "resultStatus"='official', "position"=EXCLUDED."position", "finishTime"=EXCLUDED."finishTime", "notes"=EXCLUDED."notes";
INSERT INTO "raceEntries" ("id", "raceId", "horseId", "jockeyUserId", "invitationId", "status", "lane", "handicap", "ratingSnapshot", "ownerConfirmed", "jockeyConfirmed", "preRaceStatus", "disqualified", "resultStatus", "position", "finishTime", "notes", "violationNotes", "createdAt") VALUES ('t_2025_r_01_e_09', 't_2025_r_01', 'h_003', 'u_jockey_emily', NULL, 'approved', 9, 5, 85.4, TRUE, TRUE, 'ready', FALSE, 'official', 9, '01:47.19', 'Score 0 pts', '', '2025-01-01T00:00:00.000Z') ON CONFLICT ("id") DO UPDATE SET "jockeyUserId"=EXCLUDED."jockeyUserId", "lane"=EXCLUDED."lane", "handicap"=EXCLUDED."handicap", "ratingSnapshot"=EXCLUDED."ratingSnapshot", "ownerConfirmed"=TRUE, "jockeyConfirmed"=TRUE, "preRaceStatus"='ready', "resultStatus"='official', "position"=EXCLUDED."position", "finishTime"=EXCLUDED."finishTime", "notes"=EXCLUDED."notes";
INSERT INTO "raceEntries" ("id", "raceId", "horseId", "jockeyUserId", "invitationId", "status", "lane", "handicap", "ratingSnapshot", "ownerConfirmed", "jockeyConfirmed", "preRaceStatus", "disqualified", "resultStatus", "position", "finishTime", "notes", "violationNotes", "createdAt") VALUES ('t_2025_r_01_e_10', 't_2025_r_01', 'h_010', 'u_jockey', NULL, 'approved', 10, 4, 85.8, TRUE, TRUE, 'ready', FALSE, 'official', 10, '01:49.40', 'Score 0 pts', '', '2025-01-01T00:00:00.000Z') ON CONFLICT ("id") DO UPDATE SET "jockeyUserId"=EXCLUDED."jockeyUserId", "lane"=EXCLUDED."lane", "handicap"=EXCLUDED."handicap", "ratingSnapshot"=EXCLUDED."ratingSnapshot", "ownerConfirmed"=TRUE, "jockeyConfirmed"=TRUE, "preRaceStatus"='ready', "resultStatus"='official', "position"=EXCLUDED."position", "finishTime"=EXCLUDED."finishTime", "notes"=EXCLUDED."notes";
INSERT INTO "races" ("id", "tournamentId", "raceNumber", "name", "round", "date", "time", "venue", "distance", "surface", "raceClass", "handicapMin", "handicapMax", "totalPrize", "refereeUserId", "refereeUserIds", "referee", "status", "participants", "ownerConfirmed", "jockeyConfirmed", "registrationPeriodMinutes", "registrationOpensAt", "registrationClosesAt", "resultStatus", "awardsPublished", "createdBy", "createdAt") VALUES ('t_2025_r_02', 't_2025', 'R2', 'Autumn Gold Cup R2', 'Qualifier', 'October 04, 2025', '17:00', 'Sha Tin Racecourse', '1400m', 'Turf', 'Class A', 2, 8, 68000, 'u_referee', 'u_referee', 'Olivia Grant', 'completed', 10, 10, 10, 10, '2025-01-01T00:00:00.000Z', '2025-01-01T00:10:00.000Z', 'official', TRUE, 'u_admin', NULL) ON CONFLICT ("id") DO UPDATE SET "status"='completed', "participants"=10, "ownerConfirmed"=10, "jockeyConfirmed"=10, "resultStatus"='official', "awardsPublished"=TRUE;
INSERT INTO "raceEntries" ("id", "raceId", "horseId", "jockeyUserId", "invitationId", "status", "lane", "handicap", "ratingSnapshot", "ownerConfirmed", "jockeyConfirmed", "preRaceStatus", "disqualified", "resultStatus", "position", "finishTime", "notes", "violationNotes", "createdAt") VALUES ('t_2025_r_02_e_01', 't_2025_r_02', 'h_003', 'u_jockey_james', NULL, 'approved', 1, 6, 85.4, TRUE, TRUE, 'ready', FALSE, 'official', 1, '01:32.20', 'Score 10 pts', '', '2025-01-01T00:00:00.000Z') ON CONFLICT ("id") DO UPDATE SET "jockeyUserId"=EXCLUDED."jockeyUserId", "lane"=EXCLUDED."lane", "handicap"=EXCLUDED."handicap", "ratingSnapshot"=EXCLUDED."ratingSnapshot", "ownerConfirmed"=TRUE, "jockeyConfirmed"=TRUE, "preRaceStatus"='ready', "resultStatus"='official', "position"=EXCLUDED."position", "finishTime"=EXCLUDED."finishTime", "notes"=EXCLUDED."notes";
INSERT INTO "raceEntries" ("id", "raceId", "horseId", "jockeyUserId", "invitationId", "status", "lane", "handicap", "ratingSnapshot", "ownerConfirmed", "jockeyConfirmed", "preRaceStatus", "disqualified", "resultStatus", "position", "finishTime", "notes", "violationNotes", "createdAt") VALUES ('t_2025_r_02_e_02', 't_2025_r_02', 'h_010', 'u_jockey_pending', NULL, 'approved', 2, 5, 85.8, TRUE, TRUE, 'ready', FALSE, 'official', 2, '01:34.41', 'Score 7 pts', '', '2025-01-01T00:00:00.000Z') ON CONFLICT ("id") DO UPDATE SET "jockeyUserId"=EXCLUDED."jockeyUserId", "lane"=EXCLUDED."lane", "handicap"=EXCLUDED."handicap", "ratingSnapshot"=EXCLUDED."ratingSnapshot", "ownerConfirmed"=TRUE, "jockeyConfirmed"=TRUE, "preRaceStatus"='ready', "resultStatus"='official', "position"=EXCLUDED."position", "finishTime"=EXCLUDED."finishTime", "notes"=EXCLUDED."notes";
INSERT INTO "raceEntries" ("id", "raceId", "horseId", "jockeyUserId", "invitationId", "status", "lane", "handicap", "ratingSnapshot", "ownerConfirmed", "jockeyConfirmed", "preRaceStatus", "disqualified", "resultStatus", "position", "finishTime", "notes", "violationNotes", "createdAt") VALUES ('t_2025_r_02_e_03', 't_2025_r_02', 'h_007', 'u_jockey_hana', NULL, 'approved', 3, 6, 85.5, TRUE, TRUE, 'ready', FALSE, 'official', 3, '01:36.32', 'Score 5 pts', '', '2025-01-01T00:00:00.000Z') ON CONFLICT ("id") DO UPDATE SET "jockeyUserId"=EXCLUDED."jockeyUserId", "lane"=EXCLUDED."lane", "handicap"=EXCLUDED."handicap", "ratingSnapshot"=EXCLUDED."ratingSnapshot", "ownerConfirmed"=TRUE, "jockeyConfirmed"=TRUE, "preRaceStatus"='ready', "resultStatus"='official', "position"=EXCLUDED."position", "finishTime"=EXCLUDED."finishTime", "notes"=EXCLUDED."notes";
INSERT INTO "raceEntries" ("id", "raceId", "horseId", "jockeyUserId", "invitationId", "status", "lane", "handicap", "ratingSnapshot", "ownerConfirmed", "jockeyConfirmed", "preRaceStatus", "disqualified", "resultStatus", "position", "finishTime", "notes", "violationNotes", "createdAt") VALUES ('t_2025_r_02_e_04', 't_2025_r_02', 'h_004', 'u_jockey_daniel', NULL, 'approved', 4, 6, 86.9, TRUE, TRUE, 'ready', FALSE, 'official', 4, '01:38.23', 'Score 3 pts', '', '2025-01-01T00:00:00.000Z') ON CONFLICT ("id") DO UPDATE SET "jockeyUserId"=EXCLUDED."jockeyUserId", "lane"=EXCLUDED."lane", "handicap"=EXCLUDED."handicap", "ratingSnapshot"=EXCLUDED."ratingSnapshot", "ownerConfirmed"=TRUE, "jockeyConfirmed"=TRUE, "preRaceStatus"='ready', "resultStatus"='official', "position"=EXCLUDED."position", "finishTime"=EXCLUDED."finishTime", "notes"=EXCLUDED."notes";
INSERT INTO "raceEntries" ("id", "raceId", "horseId", "jockeyUserId", "invitationId", "status", "lane", "handicap", "ratingSnapshot", "ownerConfirmed", "jockeyConfirmed", "preRaceStatus", "disqualified", "resultStatus", "position", "finishTime", "notes", "violationNotes", "createdAt") VALUES ('t_2025_r_02_e_05', 't_2025_r_02', 'h_001', 'u_jockey_sarah', NULL, 'approved', 5, 3, 86.8, TRUE, TRUE, 'ready', FALSE, 'official', 5, '01:40.14', 'Score 2 pts', '', '2025-01-01T00:00:00.000Z') ON CONFLICT ("id") DO UPDATE SET "jockeyUserId"=EXCLUDED."jockeyUserId", "lane"=EXCLUDED."lane", "handicap"=EXCLUDED."handicap", "ratingSnapshot"=EXCLUDED."ratingSnapshot", "ownerConfirmed"=TRUE, "jockeyConfirmed"=TRUE, "preRaceStatus"='ready', "resultStatus"='official', "position"=EXCLUDED."position", "finishTime"=EXCLUDED."finishTime", "notes"=EXCLUDED."notes";
INSERT INTO "raceEntries" ("id", "raceId", "horseId", "jockeyUserId", "invitationId", "status", "lane", "handicap", "ratingSnapshot", "ownerConfirmed", "jockeyConfirmed", "preRaceStatus", "disqualified", "resultStatus", "position", "finishTime", "notes", "violationNotes", "createdAt") VALUES ('t_2025_r_02_e_06', 't_2025_r_02', 'h_008', 'u_jockey_lucas', NULL, 'approved', 6, 6, 84.4, TRUE, TRUE, 'ready', FALSE, 'official', 6, '01:42.35', 'Score 1 pts', '', '2025-01-01T00:00:00.000Z') ON CONFLICT ("id") DO UPDATE SET "jockeyUserId"=EXCLUDED."jockeyUserId", "lane"=EXCLUDED."lane", "handicap"=EXCLUDED."handicap", "ratingSnapshot"=EXCLUDED."ratingSnapshot", "ownerConfirmed"=TRUE, "jockeyConfirmed"=TRUE, "preRaceStatus"='ready', "resultStatus"='official', "position"=EXCLUDED."position", "finishTime"=EXCLUDED."finishTime", "notes"=EXCLUDED."notes";
INSERT INTO "raceEntries" ("id", "raceId", "horseId", "jockeyUserId", "invitationId", "status", "lane", "handicap", "ratingSnapshot", "ownerConfirmed", "jockeyConfirmed", "preRaceStatus", "disqualified", "resultStatus", "position", "finishTime", "notes", "violationNotes", "createdAt") VALUES ('t_2025_r_02_e_07', 't_2025_r_02', 'h_005', 'u_jockey_amelia', NULL, 'approved', 7, 3, 83.7, TRUE, TRUE, 'ready', FALSE, 'official', 7, '01:44.26', 'Score 0 pts', '', '2025-01-01T00:00:00.000Z') ON CONFLICT ("id") DO UPDATE SET "jockeyUserId"=EXCLUDED."jockeyUserId", "lane"=EXCLUDED."lane", "handicap"=EXCLUDED."handicap", "ratingSnapshot"=EXCLUDED."ratingSnapshot", "ownerConfirmed"=TRUE, "jockeyConfirmed"=TRUE, "preRaceStatus"='ready', "resultStatus"='official', "position"=EXCLUDED."position", "finishTime"=EXCLUDED."finishTime", "notes"=EXCLUDED."notes";
INSERT INTO "raceEntries" ("id", "raceId", "horseId", "jockeyUserId", "invitationId", "status", "lane", "handicap", "ratingSnapshot", "ownerConfirmed", "jockeyConfirmed", "preRaceStatus", "disqualified", "resultStatus", "position", "finishTime", "notes", "violationNotes", "createdAt") VALUES ('t_2025_r_02_e_08', 't_2025_r_02', 'h_002', 'u_jockey_emily', NULL, 'approved', 8, 4, 84, TRUE, TRUE, 'ready', FALSE, 'official', 8, '01:46.17', 'Score 0 pts', '', '2025-01-01T00:00:00.000Z') ON CONFLICT ("id") DO UPDATE SET "jockeyUserId"=EXCLUDED."jockeyUserId", "lane"=EXCLUDED."lane", "handicap"=EXCLUDED."handicap", "ratingSnapshot"=EXCLUDED."ratingSnapshot", "ownerConfirmed"=TRUE, "jockeyConfirmed"=TRUE, "preRaceStatus"='ready', "resultStatus"='official', "position"=EXCLUDED."position", "finishTime"=EXCLUDED."finishTime", "notes"=EXCLUDED."notes";
INSERT INTO "raceEntries" ("id", "raceId", "horseId", "jockeyUserId", "invitationId", "status", "lane", "handicap", "ratingSnapshot", "ownerConfirmed", "jockeyConfirmed", "preRaceStatus", "disqualified", "resultStatus", "position", "finishTime", "notes", "violationNotes", "createdAt") VALUES ('t_2025_r_02_e_09', 't_2025_r_02', 'h_009', 'u_jockey', NULL, 'approved', 9, 3, 86, TRUE, TRUE, 'ready', FALSE, 'official', 9, '01:48.38', 'Score 0 pts', '', '2025-01-01T00:00:00.000Z') ON CONFLICT ("id") DO UPDATE SET "jockeyUserId"=EXCLUDED."jockeyUserId", "lane"=EXCLUDED."lane", "handicap"=EXCLUDED."handicap", "ratingSnapshot"=EXCLUDED."ratingSnapshot", "ownerConfirmed"=TRUE, "jockeyConfirmed"=TRUE, "preRaceStatus"='ready', "resultStatus"='official', "position"=EXCLUDED."position", "finishTime"=EXCLUDED."finishTime", "notes"=EXCLUDED."notes";
INSERT INTO "raceEntries" ("id", "raceId", "horseId", "jockeyUserId", "invitationId", "status", "lane", "handicap", "ratingSnapshot", "ownerConfirmed", "jockeyConfirmed", "preRaceStatus", "disqualified", "resultStatus", "position", "finishTime", "notes", "violationNotes", "createdAt") VALUES ('t_2025_r_02_e_10', 't_2025_r_02', 'h_006', 'u_jockey_ryan', NULL, 'approved', 10, 4, 85.7, TRUE, TRUE, 'ready', FALSE, 'official', 10, '01:50.29', 'Score 0 pts', '', '2025-01-01T00:00:00.000Z') ON CONFLICT ("id") DO UPDATE SET "jockeyUserId"=EXCLUDED."jockeyUserId", "lane"=EXCLUDED."lane", "handicap"=EXCLUDED."handicap", "ratingSnapshot"=EXCLUDED."ratingSnapshot", "ownerConfirmed"=TRUE, "jockeyConfirmed"=TRUE, "preRaceStatus"='ready', "resultStatus"='official', "position"=EXCLUDED."position", "finishTime"=EXCLUDED."finishTime", "notes"=EXCLUDED."notes";
INSERT INTO "races" ("id", "tournamentId", "raceNumber", "name", "round", "date", "time", "venue", "distance", "surface", "raceClass", "handicapMin", "handicapMax", "totalPrize", "refereeUserId", "refereeUserIds", "referee", "status", "participants", "ownerConfirmed", "jockeyConfirmed", "registrationPeriodMinutes", "registrationOpensAt", "registrationClosesAt", "resultStatus", "awardsPublished", "createdBy", "createdAt") VALUES ('t_2025_r_03', 't_2025', 'R3', 'Autumn Gold Cup R3', 'Qualifier', 'October 06, 2025', '15:30', 'Sha Tin Racecourse', '1500m', 'Dirt', 'Class A', 3, 9, 68000, 'u_referee', 'u_referee', 'Olivia Grant', 'completed', 10, 10, 10, 10, '2025-01-01T00:00:00.000Z', '2025-01-01T00:10:00.000Z', 'official', TRUE, 'u_admin', NULL) ON CONFLICT ("id") DO UPDATE SET "status"='completed', "participants"=10, "ownerConfirmed"=10, "jockeyConfirmed"=10, "resultStatus"='official', "awardsPublished"=TRUE;
INSERT INTO "raceEntries" ("id", "raceId", "horseId", "jockeyUserId", "invitationId", "status", "lane", "handicap", "ratingSnapshot", "ownerConfirmed", "jockeyConfirmed", "preRaceStatus", "disqualified", "resultStatus", "position", "finishTime", "notes", "violationNotes", "createdAt") VALUES ('t_2025_r_03_e_01', 't_2025_r_03', 'h_009', 'u_jockey_pending', NULL, 'approved', 1, 4, 86, TRUE, TRUE, 'ready', FALSE, 'official', 1, '01:33.39', 'Score 10 pts', '', '2025-01-01T00:00:00.000Z') ON CONFLICT ("id") DO UPDATE SET "jockeyUserId"=EXCLUDED."jockeyUserId", "lane"=EXCLUDED."lane", "handicap"=EXCLUDED."handicap", "ratingSnapshot"=EXCLUDED."ratingSnapshot", "ownerConfirmed"=TRUE, "jockeyConfirmed"=TRUE, "preRaceStatus"='ready', "resultStatus"='official', "position"=EXCLUDED."position", "finishTime"=EXCLUDED."finishTime", "notes"=EXCLUDED."notes";
INSERT INTO "raceEntries" ("id", "raceId", "horseId", "jockeyUserId", "invitationId", "status", "lane", "handicap", "ratingSnapshot", "ownerConfirmed", "jockeyConfirmed", "preRaceStatus", "disqualified", "resultStatus", "position", "finishTime", "notes", "violationNotes", "createdAt") VALUES ('t_2025_r_03_e_02', 't_2025_r_03', 'h_006', 'u_jockey_hana', NULL, 'approved', 2, 5, 85.7, TRUE, TRUE, 'ready', FALSE, 'official', 2, '01:35.30', 'Score 7 pts', '', '2025-01-01T00:00:00.000Z') ON CONFLICT ("id") DO UPDATE SET "jockeyUserId"=EXCLUDED."jockeyUserId", "lane"=EXCLUDED."lane", "handicap"=EXCLUDED."handicap", "ratingSnapshot"=EXCLUDED."ratingSnapshot", "ownerConfirmed"=TRUE, "jockeyConfirmed"=TRUE, "preRaceStatus"='ready', "resultStatus"='official', "position"=EXCLUDED."position", "finishTime"=EXCLUDED."finishTime", "notes"=EXCLUDED."notes";
INSERT INTO "raceEntries" ("id", "raceId", "horseId", "jockeyUserId", "invitationId", "status", "lane", "handicap", "ratingSnapshot", "ownerConfirmed", "jockeyConfirmed", "preRaceStatus", "disqualified", "resultStatus", "position", "finishTime", "notes", "violationNotes", "createdAt") VALUES ('t_2025_r_03_e_03', 't_2025_r_03', 'h_003', 'u_jockey_daniel', NULL, 'approved', 3, 6, 85.4, TRUE, TRUE, 'ready', FALSE, 'official', 3, '01:37.21', 'Score 5 pts', '', '2025-01-01T00:00:00.000Z') ON CONFLICT ("id") DO UPDATE SET "jockeyUserId"=EXCLUDED."jockeyUserId", "lane"=EXCLUDED."lane", "handicap"=EXCLUDED."handicap", "ratingSnapshot"=EXCLUDED."ratingSnapshot", "ownerConfirmed"=TRUE, "jockeyConfirmed"=TRUE, "preRaceStatus"='ready', "resultStatus"='official', "position"=EXCLUDED."position", "finishTime"=EXCLUDED."finishTime", "notes"=EXCLUDED."notes";
INSERT INTO "raceEntries" ("id", "raceId", "horseId", "jockeyUserId", "invitationId", "status", "lane", "handicap", "ratingSnapshot", "ownerConfirmed", "jockeyConfirmed", "preRaceStatus", "disqualified", "resultStatus", "position", "finishTime", "notes", "violationNotes", "createdAt") VALUES ('t_2025_r_03_e_04', 't_2025_r_03', 'h_010', 'u_jockey_sarah', NULL, 'approved', 4, 4, 85.8, TRUE, TRUE, 'ready', FALSE, 'official', 4, '01:39.42', 'Score 3 pts', '', '2025-01-01T00:00:00.000Z') ON CONFLICT ("id") DO UPDATE SET "jockeyUserId"=EXCLUDED."jockeyUserId", "lane"=EXCLUDED."lane", "handicap"=EXCLUDED."handicap", "ratingSnapshot"=EXCLUDED."ratingSnapshot", "ownerConfirmed"=TRUE, "jockeyConfirmed"=TRUE, "preRaceStatus"='ready', "resultStatus"='official', "position"=EXCLUDED."position", "finishTime"=EXCLUDED."finishTime", "notes"=EXCLUDED."notes";
INSERT INTO "raceEntries" ("id", "raceId", "horseId", "jockeyUserId", "invitationId", "status", "lane", "handicap", "ratingSnapshot", "ownerConfirmed", "jockeyConfirmed", "preRaceStatus", "disqualified", "resultStatus", "position", "finishTime", "notes", "violationNotes", "createdAt") VALUES ('t_2025_r_03_e_05', 't_2025_r_03', 'h_007', 'u_jockey_lucas', NULL, 'approved', 5, 5, 85.5, TRUE, TRUE, 'ready', FALSE, 'official', 5, '01:41.33', 'Score 2 pts', '', '2025-01-01T00:00:00.000Z') ON CONFLICT ("id") DO UPDATE SET "jockeyUserId"=EXCLUDED."jockeyUserId", "lane"=EXCLUDED."lane", "handicap"=EXCLUDED."handicap", "ratingSnapshot"=EXCLUDED."ratingSnapshot", "ownerConfirmed"=TRUE, "jockeyConfirmed"=TRUE, "preRaceStatus"='ready', "resultStatus"='official', "position"=EXCLUDED."position", "finishTime"=EXCLUDED."finishTime", "notes"=EXCLUDED."notes";
INSERT INTO "raceEntries" ("id", "raceId", "horseId", "jockeyUserId", "invitationId", "status", "lane", "handicap", "ratingSnapshot", "ownerConfirmed", "jockeyConfirmed", "preRaceStatus", "disqualified", "resultStatus", "position", "finishTime", "notes", "violationNotes", "createdAt") VALUES ('t_2025_r_03_e_06', 't_2025_r_03', 'h_004', 'u_jockey_amelia', NULL, 'approved', 6, 6, 86.9, TRUE, TRUE, 'ready', FALSE, 'official', 6, '01:43.24', 'Score 1 pts', '', '2025-01-01T00:00:00.000Z') ON CONFLICT ("id") DO UPDATE SET "jockeyUserId"=EXCLUDED."jockeyUserId", "lane"=EXCLUDED."lane", "handicap"=EXCLUDED."handicap", "ratingSnapshot"=EXCLUDED."ratingSnapshot", "ownerConfirmed"=TRUE, "jockeyConfirmed"=TRUE, "preRaceStatus"='ready', "resultStatus"='official', "position"=EXCLUDED."position", "finishTime"=EXCLUDED."finishTime", "notes"=EXCLUDED."notes";
INSERT INTO "raceEntries" ("id", "raceId", "horseId", "jockeyUserId", "invitationId", "status", "lane", "handicap", "ratingSnapshot", "ownerConfirmed", "jockeyConfirmed", "preRaceStatus", "disqualified", "resultStatus", "position", "finishTime", "notes", "violationNotes", "createdAt") VALUES ('t_2025_r_03_e_07', 't_2025_r_03', 'h_001', 'u_jockey_emily', NULL, 'approved', 7, 3, 86.8, TRUE, TRUE, 'ready', FALSE, 'official', 7, '01:45.15', 'Score 0 pts', '', '2025-01-01T00:00:00.000Z') ON CONFLICT ("id") DO UPDATE SET "jockeyUserId"=EXCLUDED."jockeyUserId", "lane"=EXCLUDED."lane", "handicap"=EXCLUDED."handicap", "ratingSnapshot"=EXCLUDED."ratingSnapshot", "ownerConfirmed"=TRUE, "jockeyConfirmed"=TRUE, "preRaceStatus"='ready', "resultStatus"='official', "position"=EXCLUDED."position", "finishTime"=EXCLUDED."finishTime", "notes"=EXCLUDED."notes";
INSERT INTO "raceEntries" ("id", "raceId", "horseId", "jockeyUserId", "invitationId", "status", "lane", "handicap", "ratingSnapshot", "ownerConfirmed", "jockeyConfirmed", "preRaceStatus", "disqualified", "resultStatus", "position", "finishTime", "notes", "violationNotes", "createdAt") VALUES ('t_2025_r_03_e_08', 't_2025_r_03', 'h_008', 'u_jockey', NULL, 'approved', 8, 6, 84.4, TRUE, TRUE, 'ready', FALSE, 'official', 8, '01:47.36', 'Score 0 pts', '', '2025-01-01T00:00:00.000Z') ON CONFLICT ("id") DO UPDATE SET "jockeyUserId"=EXCLUDED."jockeyUserId", "lane"=EXCLUDED."lane", "handicap"=EXCLUDED."handicap", "ratingSnapshot"=EXCLUDED."ratingSnapshot", "ownerConfirmed"=TRUE, "jockeyConfirmed"=TRUE, "preRaceStatus"='ready', "resultStatus"='official', "position"=EXCLUDED."position", "finishTime"=EXCLUDED."finishTime", "notes"=EXCLUDED."notes";
INSERT INTO "raceEntries" ("id", "raceId", "horseId", "jockeyUserId", "invitationId", "status", "lane", "handicap", "ratingSnapshot", "ownerConfirmed", "jockeyConfirmed", "preRaceStatus", "disqualified", "resultStatus", "position", "finishTime", "notes", "violationNotes", "createdAt") VALUES ('t_2025_r_03_e_09', 't_2025_r_03', 'h_005', 'u_jockey_ryan', NULL, 'approved', 9, 3, 83.7, TRUE, TRUE, 'ready', FALSE, 'official', 9, '01:49.27', 'Score 0 pts', '', '2025-01-01T00:00:00.000Z') ON CONFLICT ("id") DO UPDATE SET "jockeyUserId"=EXCLUDED."jockeyUserId", "lane"=EXCLUDED."lane", "handicap"=EXCLUDED."handicap", "ratingSnapshot"=EXCLUDED."ratingSnapshot", "ownerConfirmed"=TRUE, "jockeyConfirmed"=TRUE, "preRaceStatus"='ready', "resultStatus"='official', "position"=EXCLUDED."position", "finishTime"=EXCLUDED."finishTime", "notes"=EXCLUDED."notes";
INSERT INTO "raceEntries" ("id", "raceId", "horseId", "jockeyUserId", "invitationId", "status", "lane", "handicap", "ratingSnapshot", "ownerConfirmed", "jockeyConfirmed", "preRaceStatus", "disqualified", "resultStatus", "position", "finishTime", "notes", "violationNotes", "createdAt") VALUES ('t_2025_r_03_e_10', 't_2025_r_03', 'h_002', 'u_jockey_james', NULL, 'approved', 10, 4, 84, TRUE, TRUE, 'ready', FALSE, 'official', 10, '01:51.18', 'Score 0 pts', '', '2025-01-01T00:00:00.000Z') ON CONFLICT ("id") DO UPDATE SET "jockeyUserId"=EXCLUDED."jockeyUserId", "lane"=EXCLUDED."lane", "handicap"=EXCLUDED."handicap", "ratingSnapshot"=EXCLUDED."ratingSnapshot", "ownerConfirmed"=TRUE, "jockeyConfirmed"=TRUE, "preRaceStatus"='ready', "resultStatus"='official', "position"=EXCLUDED."position", "finishTime"=EXCLUDED."finishTime", "notes"=EXCLUDED."notes";
INSERT INTO "races" ("id", "tournamentId", "raceNumber", "name", "round", "date", "time", "venue", "distance", "surface", "raceClass", "handicapMin", "handicapMax", "totalPrize", "refereeUserId", "refereeUserIds", "referee", "status", "participants", "ownerConfirmed", "jockeyConfirmed", "registrationPeriodMinutes", "registrationOpensAt", "registrationClosesAt", "resultStatus", "awardsPublished", "createdBy", "createdAt") VALUES ('t_2025_r_04', 't_2025', 'R4', 'Autumn Gold Cup R4', 'Qualifier', 'October 08, 2025', '16:00', 'Sha Tin Racecourse', '1600m', 'Turf', 'Class A', 0, 10, 68000, 'u_referee', 'u_referee', 'Olivia Grant', 'completed', 10, 10, 10, 10, '2025-01-01T00:00:00.000Z', '2025-01-01T00:10:00.000Z', 'official', TRUE, 'u_admin', NULL) ON CONFLICT ("id") DO UPDATE SET "status"='completed', "participants"=10, "ownerConfirmed"=10, "jockeyConfirmed"=10, "resultStatus"='official', "awardsPublished"=TRUE;
INSERT INTO "raceEntries" ("id", "raceId", "horseId", "jockeyUserId", "invitationId", "status", "lane", "handicap", "ratingSnapshot", "ownerConfirmed", "jockeyConfirmed", "preRaceStatus", "disqualified", "resultStatus", "position", "finishTime", "notes", "violationNotes", "createdAt") VALUES ('t_2025_r_04_e_01', 't_2025_r_04', 'h_005', 'u_jockey_hana', NULL, 'approved', 1, 4, 83.7, TRUE, TRUE, 'ready', FALSE, 'official', 1, '01:34.28', 'Score 10 pts', '', '2025-01-01T00:00:00.000Z') ON CONFLICT ("id") DO UPDATE SET "jockeyUserId"=EXCLUDED."jockeyUserId", "lane"=EXCLUDED."lane", "handicap"=EXCLUDED."handicap", "ratingSnapshot"=EXCLUDED."ratingSnapshot", "ownerConfirmed"=TRUE, "jockeyConfirmed"=TRUE, "preRaceStatus"='ready', "resultStatus"='official', "position"=EXCLUDED."position", "finishTime"=EXCLUDED."finishTime", "notes"=EXCLUDED."notes";
INSERT INTO "raceEntries" ("id", "raceId", "horseId", "jockeyUserId", "invitationId", "status", "lane", "handicap", "ratingSnapshot", "ownerConfirmed", "jockeyConfirmed", "preRaceStatus", "disqualified", "resultStatus", "position", "finishTime", "notes", "violationNotes", "createdAt") VALUES ('t_2025_r_04_e_02', 't_2025_r_04', 'h_002', 'u_jockey_daniel', NULL, 'approved', 2, 5, 84, TRUE, TRUE, 'ready', FALSE, 'official', 2, '01:36.19', 'Score 7 pts', '', '2025-01-01T00:00:00.000Z') ON CONFLICT ("id") DO UPDATE SET "jockeyUserId"=EXCLUDED."jockeyUserId", "lane"=EXCLUDED."lane", "handicap"=EXCLUDED."handicap", "ratingSnapshot"=EXCLUDED."ratingSnapshot", "ownerConfirmed"=TRUE, "jockeyConfirmed"=TRUE, "preRaceStatus"='ready', "resultStatus"='official', "position"=EXCLUDED."position", "finishTime"=EXCLUDED."finishTime", "notes"=EXCLUDED."notes";
INSERT INTO "raceEntries" ("id", "raceId", "horseId", "jockeyUserId", "invitationId", "status", "lane", "handicap", "ratingSnapshot", "ownerConfirmed", "jockeyConfirmed", "preRaceStatus", "disqualified", "resultStatus", "position", "finishTime", "notes", "violationNotes", "createdAt") VALUES ('t_2025_r_04_e_03', 't_2025_r_04', 'h_009', 'u_jockey_sarah', NULL, 'approved', 3, 4, 86, TRUE, TRUE, 'ready', FALSE, 'official', 3, '01:38.40', 'Score 5 pts', '', '2025-01-01T00:00:00.000Z') ON CONFLICT ("id") DO UPDATE SET "jockeyUserId"=EXCLUDED."jockeyUserId", "lane"=EXCLUDED."lane", "handicap"=EXCLUDED."handicap", "ratingSnapshot"=EXCLUDED."ratingSnapshot", "ownerConfirmed"=TRUE, "jockeyConfirmed"=TRUE, "preRaceStatus"='ready', "resultStatus"='official', "position"=EXCLUDED."position", "finishTime"=EXCLUDED."finishTime", "notes"=EXCLUDED."notes";
INSERT INTO "raceEntries" ("id", "raceId", "horseId", "jockeyUserId", "invitationId", "status", "lane", "handicap", "ratingSnapshot", "ownerConfirmed", "jockeyConfirmed", "preRaceStatus", "disqualified", "resultStatus", "position", "finishTime", "notes", "violationNotes", "createdAt") VALUES ('t_2025_r_04_e_04', 't_2025_r_04', 'h_006', 'u_jockey_lucas', NULL, 'approved', 4, 4, 85.7, TRUE, TRUE, 'ready', FALSE, 'official', 4, '01:40.31', 'Score 3 pts', '', '2025-01-01T00:00:00.000Z') ON CONFLICT ("id") DO UPDATE SET "jockeyUserId"=EXCLUDED."jockeyUserId", "lane"=EXCLUDED."lane", "handicap"=EXCLUDED."handicap", "ratingSnapshot"=EXCLUDED."ratingSnapshot", "ownerConfirmed"=TRUE, "jockeyConfirmed"=TRUE, "preRaceStatus"='ready', "resultStatus"='official', "position"=EXCLUDED."position", "finishTime"=EXCLUDED."finishTime", "notes"=EXCLUDED."notes";
INSERT INTO "raceEntries" ("id", "raceId", "horseId", "jockeyUserId", "invitationId", "status", "lane", "handicap", "ratingSnapshot", "ownerConfirmed", "jockeyConfirmed", "preRaceStatus", "disqualified", "resultStatus", "position", "finishTime", "notes", "violationNotes", "createdAt") VALUES ('t_2025_r_04_e_05', 't_2025_r_04', 'h_003', 'u_jockey_amelia', NULL, 'approved', 5, 5, 85.4, TRUE, TRUE, 'ready', FALSE, 'official', 5, '01:42.22', 'Score 2 pts', '', '2025-01-01T00:00:00.000Z') ON CONFLICT ("id") DO UPDATE SET "jockeyUserId"=EXCLUDED."jockeyUserId", "lane"=EXCLUDED."lane", "handicap"=EXCLUDED."handicap", "ratingSnapshot"=EXCLUDED."ratingSnapshot", "ownerConfirmed"=TRUE, "jockeyConfirmed"=TRUE, "preRaceStatus"='ready', "resultStatus"='official', "position"=EXCLUDED."position", "finishTime"=EXCLUDED."finishTime", "notes"=EXCLUDED."notes";
INSERT INTO "raceEntries" ("id", "raceId", "horseId", "jockeyUserId", "invitationId", "status", "lane", "handicap", "ratingSnapshot", "ownerConfirmed", "jockeyConfirmed", "preRaceStatus", "disqualified", "resultStatus", "position", "finishTime", "notes", "violationNotes", "createdAt") VALUES ('t_2025_r_04_e_06', 't_2025_r_04', 'h_010', 'u_jockey_emily', NULL, 'approved', 6, 4, 85.8, TRUE, TRUE, 'ready', FALSE, 'official', 6, '01:44.43', 'Score 1 pts', '', '2025-01-01T00:00:00.000Z') ON CONFLICT ("id") DO UPDATE SET "jockeyUserId"=EXCLUDED."jockeyUserId", "lane"=EXCLUDED."lane", "handicap"=EXCLUDED."handicap", "ratingSnapshot"=EXCLUDED."ratingSnapshot", "ownerConfirmed"=TRUE, "jockeyConfirmed"=TRUE, "preRaceStatus"='ready', "resultStatus"='official', "position"=EXCLUDED."position", "finishTime"=EXCLUDED."finishTime", "notes"=EXCLUDED."notes";
INSERT INTO "raceEntries" ("id", "raceId", "horseId", "jockeyUserId", "invitationId", "status", "lane", "handicap", "ratingSnapshot", "ownerConfirmed", "jockeyConfirmed", "preRaceStatus", "disqualified", "resultStatus", "position", "finishTime", "notes", "violationNotes", "createdAt") VALUES ('t_2025_r_04_e_07', 't_2025_r_04', 'h_007', 'u_jockey', NULL, 'approved', 7, 5, 85.5, TRUE, TRUE, 'ready', FALSE, 'official', 7, '01:46.34', 'Score 0 pts', '', '2025-01-01T00:00:00.000Z') ON CONFLICT ("id") DO UPDATE SET "jockeyUserId"=EXCLUDED."jockeyUserId", "lane"=EXCLUDED."lane", "handicap"=EXCLUDED."handicap", "ratingSnapshot"=EXCLUDED."ratingSnapshot", "ownerConfirmed"=TRUE, "jockeyConfirmed"=TRUE, "preRaceStatus"='ready', "resultStatus"='official', "position"=EXCLUDED."position", "finishTime"=EXCLUDED."finishTime", "notes"=EXCLUDED."notes";
INSERT INTO "raceEntries" ("id", "raceId", "horseId", "jockeyUserId", "invitationId", "status", "lane", "handicap", "ratingSnapshot", "ownerConfirmed", "jockeyConfirmed", "preRaceStatus", "disqualified", "resultStatus", "position", "finishTime", "notes", "violationNotes", "createdAt") VALUES ('t_2025_r_04_e_08', 't_2025_r_04', 'h_004', 'u_jockey_ryan', NULL, 'approved', 8, 6, 86.9, TRUE, TRUE, 'ready', FALSE, 'official', 8, '01:48.25', 'Score 0 pts', '', '2025-01-01T00:00:00.000Z') ON CONFLICT ("id") DO UPDATE SET "jockeyUserId"=EXCLUDED."jockeyUserId", "lane"=EXCLUDED."lane", "handicap"=EXCLUDED."handicap", "ratingSnapshot"=EXCLUDED."ratingSnapshot", "ownerConfirmed"=TRUE, "jockeyConfirmed"=TRUE, "preRaceStatus"='ready', "resultStatus"='official', "position"=EXCLUDED."position", "finishTime"=EXCLUDED."finishTime", "notes"=EXCLUDED."notes";
INSERT INTO "raceEntries" ("id", "raceId", "horseId", "jockeyUserId", "invitationId", "status", "lane", "handicap", "ratingSnapshot", "ownerConfirmed", "jockeyConfirmed", "preRaceStatus", "disqualified", "resultStatus", "position", "finishTime", "notes", "violationNotes", "createdAt") VALUES ('t_2025_r_04_e_09', 't_2025_r_04', 'h_001', 'u_jockey_james', NULL, 'approved', 9, 3, 86.8, TRUE, TRUE, 'ready', FALSE, 'official', 9, '01:50.16', 'Score 0 pts', '', '2025-01-01T00:00:00.000Z') ON CONFLICT ("id") DO UPDATE SET "jockeyUserId"=EXCLUDED."jockeyUserId", "lane"=EXCLUDED."lane", "handicap"=EXCLUDED."handicap", "ratingSnapshot"=EXCLUDED."ratingSnapshot", "ownerConfirmed"=TRUE, "jockeyConfirmed"=TRUE, "preRaceStatus"='ready', "resultStatus"='official', "position"=EXCLUDED."position", "finishTime"=EXCLUDED."finishTime", "notes"=EXCLUDED."notes";
INSERT INTO "raceEntries" ("id", "raceId", "horseId", "jockeyUserId", "invitationId", "status", "lane", "handicap", "ratingSnapshot", "ownerConfirmed", "jockeyConfirmed", "preRaceStatus", "disqualified", "resultStatus", "position", "finishTime", "notes", "violationNotes", "createdAt") VALUES ('t_2025_r_04_e_10', 't_2025_r_04', 'h_008', 'u_jockey_pending', NULL, 'approved', 10, 6, 84.4, TRUE, TRUE, 'ready', FALSE, 'official', 10, '01:52.37', 'Score 0 pts', '', '2025-01-01T00:00:00.000Z') ON CONFLICT ("id") DO UPDATE SET "jockeyUserId"=EXCLUDED."jockeyUserId", "lane"=EXCLUDED."lane", "handicap"=EXCLUDED."handicap", "ratingSnapshot"=EXCLUDED."ratingSnapshot", "ownerConfirmed"=TRUE, "jockeyConfirmed"=TRUE, "preRaceStatus"='ready', "resultStatus"='official', "position"=EXCLUDED."position", "finishTime"=EXCLUDED."finishTime", "notes"=EXCLUDED."notes";
INSERT INTO "races" ("id", "tournamentId", "raceNumber", "name", "round", "date", "time", "venue", "distance", "surface", "raceClass", "handicapMin", "handicapMax", "totalPrize", "refereeUserId", "refereeUserIds", "referee", "status", "participants", "ownerConfirmed", "jockeyConfirmed", "registrationPeriodMinutes", "registrationOpensAt", "registrationClosesAt", "resultStatus", "awardsPublished", "createdBy", "createdAt") VALUES ('t_2025_r_05', 't_2025', 'R5', 'Autumn Gold Cup R5', 'Qualifier', 'October 010, 2025', '17:30', 'Sha Tin Racecourse', '1700m', 'Turf', 'Class A', 1, 6, 68000, 'u_referee', 'u_referee', 'Olivia Grant', 'completed', 10, 10, 10, 10, '2025-01-01T00:00:00.000Z', '2025-01-01T00:10:00.000Z', 'official', TRUE, 'u_admin', NULL) ON CONFLICT ("id") DO UPDATE SET "status"='completed', "participants"=10, "ownerConfirmed"=10, "jockeyConfirmed"=10, "resultStatus"='official', "awardsPublished"=TRUE;
INSERT INTO "raceEntries" ("id", "raceId", "horseId", "jockeyUserId", "invitationId", "status", "lane", "handicap", "ratingSnapshot", "ownerConfirmed", "jockeyConfirmed", "preRaceStatus", "disqualified", "resultStatus", "position", "finishTime", "notes", "violationNotes", "createdAt") VALUES ('t_2025_r_05_e_01', 't_2025_r_05', 'h_001', 'u_jockey_daniel', NULL, 'approved', 1, 4, 86.8, TRUE, TRUE, 'ready', FALSE, 'official', 1, '01:35.17', 'Score 10 pts', '', '2025-01-01T00:00:00.000Z') ON CONFLICT ("id") DO UPDATE SET "jockeyUserId"=EXCLUDED."jockeyUserId", "lane"=EXCLUDED."lane", "handicap"=EXCLUDED."handicap", "ratingSnapshot"=EXCLUDED."ratingSnapshot", "ownerConfirmed"=TRUE, "jockeyConfirmed"=TRUE, "preRaceStatus"='ready', "resultStatus"='official', "position"=EXCLUDED."position", "finishTime"=EXCLUDED."finishTime", "notes"=EXCLUDED."notes";
INSERT INTO "raceEntries" ("id", "raceId", "horseId", "jockeyUserId", "invitationId", "status", "lane", "handicap", "ratingSnapshot", "ownerConfirmed", "jockeyConfirmed", "preRaceStatus", "disqualified", "resultStatus", "position", "finishTime", "notes", "violationNotes", "createdAt") VALUES ('t_2025_r_05_e_02', 't_2025_r_05', 'h_008', 'u_jockey_sarah', NULL, 'approved', 2, 7, 84.4, TRUE, TRUE, 'ready', FALSE, 'official', 2, '01:37.38', 'Score 7 pts', '', '2025-01-01T00:00:00.000Z') ON CONFLICT ("id") DO UPDATE SET "jockeyUserId"=EXCLUDED."jockeyUserId", "lane"=EXCLUDED."lane", "handicap"=EXCLUDED."handicap", "ratingSnapshot"=EXCLUDED."ratingSnapshot", "ownerConfirmed"=TRUE, "jockeyConfirmed"=TRUE, "preRaceStatus"='ready', "resultStatus"='official', "position"=EXCLUDED."position", "finishTime"=EXCLUDED."finishTime", "notes"=EXCLUDED."notes";
INSERT INTO "raceEntries" ("id", "raceId", "horseId", "jockeyUserId", "invitationId", "status", "lane", "handicap", "ratingSnapshot", "ownerConfirmed", "jockeyConfirmed", "preRaceStatus", "disqualified", "resultStatus", "position", "finishTime", "notes", "violationNotes", "createdAt") VALUES ('t_2025_r_05_e_03', 't_2025_r_05', 'h_005', 'u_jockey_lucas', NULL, 'approved', 3, 4, 83.7, TRUE, TRUE, 'ready', FALSE, 'official', 3, '01:39.29', 'Score 5 pts', '', '2025-01-01T00:00:00.000Z') ON CONFLICT ("id") DO UPDATE SET "jockeyUserId"=EXCLUDED."jockeyUserId", "lane"=EXCLUDED."lane", "handicap"=EXCLUDED."handicap", "ratingSnapshot"=EXCLUDED."ratingSnapshot", "ownerConfirmed"=TRUE, "jockeyConfirmed"=TRUE, "preRaceStatus"='ready', "resultStatus"='official', "position"=EXCLUDED."position", "finishTime"=EXCLUDED."finishTime", "notes"=EXCLUDED."notes";
INSERT INTO "raceEntries" ("id", "raceId", "horseId", "jockeyUserId", "invitationId", "status", "lane", "handicap", "ratingSnapshot", "ownerConfirmed", "jockeyConfirmed", "preRaceStatus", "disqualified", "resultStatus", "position", "finishTime", "notes", "violationNotes", "createdAt") VALUES ('t_2025_r_05_e_04', 't_2025_r_05', 'h_002', 'u_jockey_amelia', NULL, 'approved', 4, 4, 84, TRUE, TRUE, 'ready', FALSE, 'official', 4, '01:41.20', 'Score 3 pts', '', '2025-01-01T00:00:00.000Z') ON CONFLICT ("id") DO UPDATE SET "jockeyUserId"=EXCLUDED."jockeyUserId", "lane"=EXCLUDED."lane", "handicap"=EXCLUDED."handicap", "ratingSnapshot"=EXCLUDED."ratingSnapshot", "ownerConfirmed"=TRUE, "jockeyConfirmed"=TRUE, "preRaceStatus"='ready', "resultStatus"='official', "position"=EXCLUDED."position", "finishTime"=EXCLUDED."finishTime", "notes"=EXCLUDED."notes";
INSERT INTO "raceEntries" ("id", "raceId", "horseId", "jockeyUserId", "invitationId", "status", "lane", "handicap", "ratingSnapshot", "ownerConfirmed", "jockeyConfirmed", "preRaceStatus", "disqualified", "resultStatus", "position", "finishTime", "notes", "violationNotes", "createdAt") VALUES ('t_2025_r_05_e_05', 't_2025_r_05', 'h_009', 'u_jockey_emily', NULL, 'approved', 5, 3, 86, TRUE, TRUE, 'ready', FALSE, 'official', 5, '01:43.41', 'Score 2 pts', '', '2025-01-01T00:00:00.000Z') ON CONFLICT ("id") DO UPDATE SET "jockeyUserId"=EXCLUDED."jockeyUserId", "lane"=EXCLUDED."lane", "handicap"=EXCLUDED."handicap", "ratingSnapshot"=EXCLUDED."ratingSnapshot", "ownerConfirmed"=TRUE, "jockeyConfirmed"=TRUE, "preRaceStatus"='ready', "resultStatus"='official', "position"=EXCLUDED."position", "finishTime"=EXCLUDED."finishTime", "notes"=EXCLUDED."notes";
INSERT INTO "raceEntries" ("id", "raceId", "horseId", "jockeyUserId", "invitationId", "status", "lane", "handicap", "ratingSnapshot", "ownerConfirmed", "jockeyConfirmed", "preRaceStatus", "disqualified", "resultStatus", "position", "finishTime", "notes", "violationNotes", "createdAt") VALUES ('t_2025_r_05_e_06', 't_2025_r_05', 'h_006', 'u_jockey', NULL, 'approved', 6, 4, 85.7, TRUE, TRUE, 'ready', FALSE, 'official', 6, '01:45.32', 'Score 1 pts', '', '2025-01-01T00:00:00.000Z') ON CONFLICT ("id") DO UPDATE SET "jockeyUserId"=EXCLUDED."jockeyUserId", "lane"=EXCLUDED."lane", "handicap"=EXCLUDED."handicap", "ratingSnapshot"=EXCLUDED."ratingSnapshot", "ownerConfirmed"=TRUE, "jockeyConfirmed"=TRUE, "preRaceStatus"='ready', "resultStatus"='official', "position"=EXCLUDED."position", "finishTime"=EXCLUDED."finishTime", "notes"=EXCLUDED."notes";
INSERT INTO "raceEntries" ("id", "raceId", "horseId", "jockeyUserId", "invitationId", "status", "lane", "handicap", "ratingSnapshot", "ownerConfirmed", "jockeyConfirmed", "preRaceStatus", "disqualified", "resultStatus", "position", "finishTime", "notes", "violationNotes", "createdAt") VALUES ('t_2025_r_05_e_07', 't_2025_r_05', 'h_003', 'u_jockey_ryan', NULL, 'approved', 7, 5, 85.4, TRUE, TRUE, 'ready', FALSE, 'official', 7, '01:47.23', 'Score 0 pts', '', '2025-01-01T00:00:00.000Z') ON CONFLICT ("id") DO UPDATE SET "jockeyUserId"=EXCLUDED."jockeyUserId", "lane"=EXCLUDED."lane", "handicap"=EXCLUDED."handicap", "ratingSnapshot"=EXCLUDED."ratingSnapshot", "ownerConfirmed"=TRUE, "jockeyConfirmed"=TRUE, "preRaceStatus"='ready', "resultStatus"='official', "position"=EXCLUDED."position", "finishTime"=EXCLUDED."finishTime", "notes"=EXCLUDED."notes";
INSERT INTO "raceEntries" ("id", "raceId", "horseId", "jockeyUserId", "invitationId", "status", "lane", "handicap", "ratingSnapshot", "ownerConfirmed", "jockeyConfirmed", "preRaceStatus", "disqualified", "resultStatus", "position", "finishTime", "notes", "violationNotes", "createdAt") VALUES ('t_2025_r_05_e_08', 't_2025_r_05', 'h_010', 'u_jockey_james', NULL, 'approved', 8, 4, 85.8, TRUE, TRUE, 'ready', FALSE, 'official', 8, '01:49.44', 'Score 0 pts', '', '2025-01-01T00:00:00.000Z') ON CONFLICT ("id") DO UPDATE SET "jockeyUserId"=EXCLUDED."jockeyUserId", "lane"=EXCLUDED."lane", "handicap"=EXCLUDED."handicap", "ratingSnapshot"=EXCLUDED."ratingSnapshot", "ownerConfirmed"=TRUE, "jockeyConfirmed"=TRUE, "preRaceStatus"='ready', "resultStatus"='official', "position"=EXCLUDED."position", "finishTime"=EXCLUDED."finishTime", "notes"=EXCLUDED."notes";
INSERT INTO "raceEntries" ("id", "raceId", "horseId", "jockeyUserId", "invitationId", "status", "lane", "handicap", "ratingSnapshot", "ownerConfirmed", "jockeyConfirmed", "preRaceStatus", "disqualified", "resultStatus", "position", "finishTime", "notes", "violationNotes", "createdAt") VALUES ('t_2025_r_05_e_09', 't_2025_r_05', 'h_007', 'u_jockey_pending', NULL, 'approved', 9, 5, 85.5, TRUE, TRUE, 'ready', FALSE, 'official', 9, '01:51.35', 'Score 0 pts', '', '2025-01-01T00:00:00.000Z') ON CONFLICT ("id") DO UPDATE SET "jockeyUserId"=EXCLUDED."jockeyUserId", "lane"=EXCLUDED."lane", "handicap"=EXCLUDED."handicap", "ratingSnapshot"=EXCLUDED."ratingSnapshot", "ownerConfirmed"=TRUE, "jockeyConfirmed"=TRUE, "preRaceStatus"='ready', "resultStatus"='official', "position"=EXCLUDED."position", "finishTime"=EXCLUDED."finishTime", "notes"=EXCLUDED."notes";
INSERT INTO "raceEntries" ("id", "raceId", "horseId", "jockeyUserId", "invitationId", "status", "lane", "handicap", "ratingSnapshot", "ownerConfirmed", "jockeyConfirmed", "preRaceStatus", "disqualified", "resultStatus", "position", "finishTime", "notes", "violationNotes", "createdAt") VALUES ('t_2025_r_05_e_10', 't_2025_r_05', 'h_004', 'u_jockey_hana', NULL, 'approved', 10, 6, 86.9, TRUE, TRUE, 'ready', FALSE, 'official', 10, '01:53.26', 'Score 0 pts', '', '2025-01-01T00:00:00.000Z') ON CONFLICT ("id") DO UPDATE SET "jockeyUserId"=EXCLUDED."jockeyUserId", "lane"=EXCLUDED."lane", "handicap"=EXCLUDED."handicap", "ratingSnapshot"=EXCLUDED."ratingSnapshot", "ownerConfirmed"=TRUE, "jockeyConfirmed"=TRUE, "preRaceStatus"='ready', "resultStatus"='official', "position"=EXCLUDED."position", "finishTime"=EXCLUDED."finishTime", "notes"=EXCLUDED."notes";
INSERT INTO "races" ("id", "tournamentId", "raceNumber", "name", "round", "date", "time", "venue", "distance", "surface", "raceClass", "handicapMin", "handicapMax", "totalPrize", "refereeUserId", "refereeUserIds", "referee", "status", "participants", "ownerConfirmed", "jockeyConfirmed", "registrationPeriodMinutes", "registrationOpensAt", "registrationClosesAt", "resultStatus", "awardsPublished", "createdBy", "createdAt") VALUES ('t_2025_r_06', 't_2025', 'R6', 'Autumn Gold Cup R6', 'Qualifier', 'October 012, 2025', '15:00', 'Sha Tin Racecourse', '1800m', 'Dirt', 'Class A', 2, 7, 68000, 'u_referee', 'u_referee', 'Olivia Grant', 'completed', 10, 10, 10, 10, '2025-01-01T00:00:00.000Z', '2025-01-01T00:10:00.000Z', 'official', TRUE, 'u_admin', NULL) ON CONFLICT ("id") DO UPDATE SET "status"='completed', "participants"=10, "ownerConfirmed"=10, "jockeyConfirmed"=10, "resultStatus"='official', "awardsPublished"=TRUE;
INSERT INTO "raceEntries" ("id", "raceId", "horseId", "jockeyUserId", "invitationId", "status", "lane", "handicap", "ratingSnapshot", "ownerConfirmed", "jockeyConfirmed", "preRaceStatus", "disqualified", "resultStatus", "position", "finishTime", "notes", "violationNotes", "createdAt") VALUES ('t_2025_r_06_e_01', 't_2025_r_06', 'h_007', 'u_jockey_sarah', NULL, 'approved', 1, 6, 85.5, TRUE, TRUE, 'ready', FALSE, 'official', 1, '01:36.36', 'Score 10 pts', '', '2025-01-01T00:00:00.000Z') ON CONFLICT ("id") DO UPDATE SET "jockeyUserId"=EXCLUDED."jockeyUserId", "lane"=EXCLUDED."lane", "handicap"=EXCLUDED."handicap", "ratingSnapshot"=EXCLUDED."ratingSnapshot", "ownerConfirmed"=TRUE, "jockeyConfirmed"=TRUE, "preRaceStatus"='ready', "resultStatus"='official', "position"=EXCLUDED."position", "finishTime"=EXCLUDED."finishTime", "notes"=EXCLUDED."notes";
INSERT INTO "raceEntries" ("id", "raceId", "horseId", "jockeyUserId", "invitationId", "status", "lane", "handicap", "ratingSnapshot", "ownerConfirmed", "jockeyConfirmed", "preRaceStatus", "disqualified", "resultStatus", "position", "finishTime", "notes", "violationNotes", "createdAt") VALUES ('t_2025_r_06_e_02', 't_2025_r_06', 'h_004', 'u_jockey_lucas', NULL, 'approved', 2, 7, 86.9, TRUE, TRUE, 'ready', FALSE, 'official', 2, '01:38.27', 'Score 7 pts', '', '2025-01-01T00:00:00.000Z') ON CONFLICT ("id") DO UPDATE SET "jockeyUserId"=EXCLUDED."jockeyUserId", "lane"=EXCLUDED."lane", "handicap"=EXCLUDED."handicap", "ratingSnapshot"=EXCLUDED."ratingSnapshot", "ownerConfirmed"=TRUE, "jockeyConfirmed"=TRUE, "preRaceStatus"='ready', "resultStatus"='official', "position"=EXCLUDED."position", "finishTime"=EXCLUDED."finishTime", "notes"=EXCLUDED."notes";
INSERT INTO "raceEntries" ("id", "raceId", "horseId", "jockeyUserId", "invitationId", "status", "lane", "handicap", "ratingSnapshot", "ownerConfirmed", "jockeyConfirmed", "preRaceStatus", "disqualified", "resultStatus", "position", "finishTime", "notes", "violationNotes", "createdAt") VALUES ('t_2025_r_06_e_03', 't_2025_r_06', 'h_001', 'u_jockey_amelia', NULL, 'approved', 3, 4, 86.8, TRUE, TRUE, 'ready', FALSE, 'official', 3, '01:40.18', 'Score 5 pts', '', '2025-01-01T00:00:00.000Z') ON CONFLICT ("id") DO UPDATE SET "jockeyUserId"=EXCLUDED."jockeyUserId", "lane"=EXCLUDED."lane", "handicap"=EXCLUDED."handicap", "ratingSnapshot"=EXCLUDED."ratingSnapshot", "ownerConfirmed"=TRUE, "jockeyConfirmed"=TRUE, "preRaceStatus"='ready', "resultStatus"='official', "position"=EXCLUDED."position", "finishTime"=EXCLUDED."finishTime", "notes"=EXCLUDED."notes";
INSERT INTO "raceEntries" ("id", "raceId", "horseId", "jockeyUserId", "invitationId", "status", "lane", "handicap", "ratingSnapshot", "ownerConfirmed", "jockeyConfirmed", "preRaceStatus", "disqualified", "resultStatus", "position", "finishTime", "notes", "violationNotes", "createdAt") VALUES ('t_2025_r_06_e_04', 't_2025_r_06', 'h_008', 'u_jockey_emily', NULL, 'approved', 4, 6, 84.4, TRUE, TRUE, 'ready', FALSE, 'official', 4, '01:42.39', 'Score 3 pts', '', '2025-01-01T00:00:00.000Z') ON CONFLICT ("id") DO UPDATE SET "jockeyUserId"=EXCLUDED."jockeyUserId", "lane"=EXCLUDED."lane", "handicap"=EXCLUDED."handicap", "ratingSnapshot"=EXCLUDED."ratingSnapshot", "ownerConfirmed"=TRUE, "jockeyConfirmed"=TRUE, "preRaceStatus"='ready', "resultStatus"='official', "position"=EXCLUDED."position", "finishTime"=EXCLUDED."finishTime", "notes"=EXCLUDED."notes";
INSERT INTO "raceEntries" ("id", "raceId", "horseId", "jockeyUserId", "invitationId", "status", "lane", "handicap", "ratingSnapshot", "ownerConfirmed", "jockeyConfirmed", "preRaceStatus", "disqualified", "resultStatus", "position", "finishTime", "notes", "violationNotes", "createdAt") VALUES ('t_2025_r_06_e_05', 't_2025_r_06', 'h_005', 'u_jockey', NULL, 'approved', 5, 3, 83.7, TRUE, TRUE, 'ready', FALSE, 'official', 5, '01:44.30', 'Score 2 pts', '', '2025-01-01T00:00:00.000Z') ON CONFLICT ("id") DO UPDATE SET "jockeyUserId"=EXCLUDED."jockeyUserId", "lane"=EXCLUDED."lane", "handicap"=EXCLUDED."handicap", "ratingSnapshot"=EXCLUDED."ratingSnapshot", "ownerConfirmed"=TRUE, "jockeyConfirmed"=TRUE, "preRaceStatus"='ready', "resultStatus"='official', "position"=EXCLUDED."position", "finishTime"=EXCLUDED."finishTime", "notes"=EXCLUDED."notes";
INSERT INTO "raceEntries" ("id", "raceId", "horseId", "jockeyUserId", "invitationId", "status", "lane", "handicap", "ratingSnapshot", "ownerConfirmed", "jockeyConfirmed", "preRaceStatus", "disqualified", "resultStatus", "position", "finishTime", "notes", "violationNotes", "createdAt") VALUES ('t_2025_r_06_e_06', 't_2025_r_06', 'h_002', 'u_jockey_ryan', NULL, 'approved', 6, 4, 84, TRUE, TRUE, 'ready', FALSE, 'official', 6, '01:46.21', 'Score 1 pts', '', '2025-01-01T00:00:00.000Z') ON CONFLICT ("id") DO UPDATE SET "jockeyUserId"=EXCLUDED."jockeyUserId", "lane"=EXCLUDED."lane", "handicap"=EXCLUDED."handicap", "ratingSnapshot"=EXCLUDED."ratingSnapshot", "ownerConfirmed"=TRUE, "jockeyConfirmed"=TRUE, "preRaceStatus"='ready', "resultStatus"='official', "position"=EXCLUDED."position", "finishTime"=EXCLUDED."finishTime", "notes"=EXCLUDED."notes";
INSERT INTO "raceEntries" ("id", "raceId", "horseId", "jockeyUserId", "invitationId", "status", "lane", "handicap", "ratingSnapshot", "ownerConfirmed", "jockeyConfirmed", "preRaceStatus", "disqualified", "resultStatus", "position", "finishTime", "notes", "violationNotes", "createdAt") VALUES ('t_2025_r_06_e_07', 't_2025_r_06', 'h_009', 'u_jockey_james', NULL, 'approved', 7, 3, 86, TRUE, TRUE, 'ready', FALSE, 'official', 7, '01:48.42', 'Score 0 pts', '', '2025-01-01T00:00:00.000Z') ON CONFLICT ("id") DO UPDATE SET "jockeyUserId"=EXCLUDED."jockeyUserId", "lane"=EXCLUDED."lane", "handicap"=EXCLUDED."handicap", "ratingSnapshot"=EXCLUDED."ratingSnapshot", "ownerConfirmed"=TRUE, "jockeyConfirmed"=TRUE, "preRaceStatus"='ready', "resultStatus"='official', "position"=EXCLUDED."position", "finishTime"=EXCLUDED."finishTime", "notes"=EXCLUDED."notes";
INSERT INTO "raceEntries" ("id", "raceId", "horseId", "jockeyUserId", "invitationId", "status", "lane", "handicap", "ratingSnapshot", "ownerConfirmed", "jockeyConfirmed", "preRaceStatus", "disqualified", "resultStatus", "position", "finishTime", "notes", "violationNotes", "createdAt") VALUES ('t_2025_r_06_e_08', 't_2025_r_06', 'h_006', 'u_jockey_pending', NULL, 'approved', 8, 4, 85.7, TRUE, TRUE, 'ready', FALSE, 'official', 8, '01:50.33', 'Score 0 pts', '', '2025-01-01T00:00:00.000Z') ON CONFLICT ("id") DO UPDATE SET "jockeyUserId"=EXCLUDED."jockeyUserId", "lane"=EXCLUDED."lane", "handicap"=EXCLUDED."handicap", "ratingSnapshot"=EXCLUDED."ratingSnapshot", "ownerConfirmed"=TRUE, "jockeyConfirmed"=TRUE, "preRaceStatus"='ready', "resultStatus"='official', "position"=EXCLUDED."position", "finishTime"=EXCLUDED."finishTime", "notes"=EXCLUDED."notes";
INSERT INTO "raceEntries" ("id", "raceId", "horseId", "jockeyUserId", "invitationId", "status", "lane", "handicap", "ratingSnapshot", "ownerConfirmed", "jockeyConfirmed", "preRaceStatus", "disqualified", "resultStatus", "position", "finishTime", "notes", "violationNotes", "createdAt") VALUES ('t_2025_r_06_e_09', 't_2025_r_06', 'h_003', 'u_jockey_hana', NULL, 'approved', 9, 5, 85.4, TRUE, TRUE, 'ready', FALSE, 'official', 9, '01:52.24', 'Score 0 pts', '', '2025-01-01T00:00:00.000Z') ON CONFLICT ("id") DO UPDATE SET "jockeyUserId"=EXCLUDED."jockeyUserId", "lane"=EXCLUDED."lane", "handicap"=EXCLUDED."handicap", "ratingSnapshot"=EXCLUDED."ratingSnapshot", "ownerConfirmed"=TRUE, "jockeyConfirmed"=TRUE, "preRaceStatus"='ready', "resultStatus"='official', "position"=EXCLUDED."position", "finishTime"=EXCLUDED."finishTime", "notes"=EXCLUDED."notes";
INSERT INTO "raceEntries" ("id", "raceId", "horseId", "jockeyUserId", "invitationId", "status", "lane", "handicap", "ratingSnapshot", "ownerConfirmed", "jockeyConfirmed", "preRaceStatus", "disqualified", "resultStatus", "position", "finishTime", "notes", "violationNotes", "createdAt") VALUES ('t_2025_r_06_e_10', 't_2025_r_06', 'h_010', 'u_jockey_daniel', NULL, 'approved', 10, 4, 85.8, TRUE, TRUE, 'ready', FALSE, 'official', 10, '01:54.45', 'Score 0 pts', '', '2025-01-01T00:00:00.000Z') ON CONFLICT ("id") DO UPDATE SET "jockeyUserId"=EXCLUDED."jockeyUserId", "lane"=EXCLUDED."lane", "handicap"=EXCLUDED."handicap", "ratingSnapshot"=EXCLUDED."ratingSnapshot", "ownerConfirmed"=TRUE, "jockeyConfirmed"=TRUE, "preRaceStatus"='ready', "resultStatus"='official', "position"=EXCLUDED."position", "finishTime"=EXCLUDED."finishTime", "notes"=EXCLUDED."notes";
INSERT INTO "races" ("id", "tournamentId", "raceNumber", "name", "round", "date", "time", "venue", "distance", "surface", "raceClass", "handicapMin", "handicapMax", "totalPrize", "refereeUserId", "refereeUserIds", "referee", "status", "participants", "ownerConfirmed", "jockeyConfirmed", "registrationPeriodMinutes", "registrationOpensAt", "registrationClosesAt", "resultStatus", "awardsPublished", "createdBy", "createdAt") VALUES ('t_2025_r_07', 't_2025', 'R7', 'Autumn Gold Cup R7', 'Semi Final', 'October 014, 2025', '16:30', 'Sha Tin Racecourse', '1900m', 'Turf', 'Class A', 3, 8, 68000, 'u_referee', 'u_referee', 'Olivia Grant', 'completed', 10, 10, 10, 10, '2025-01-01T00:00:00.000Z', '2025-01-01T00:10:00.000Z', 'official', TRUE, 'u_admin', NULL) ON CONFLICT ("id") DO UPDATE SET "status"='completed', "participants"=10, "ownerConfirmed"=10, "jockeyConfirmed"=10, "resultStatus"='official', "awardsPublished"=TRUE;
INSERT INTO "raceEntries" ("id", "raceId", "horseId", "jockeyUserId", "invitationId", "status", "lane", "handicap", "ratingSnapshot", "ownerConfirmed", "jockeyConfirmed", "preRaceStatus", "disqualified", "resultStatus", "position", "finishTime", "notes", "violationNotes", "createdAt") VALUES ('t_2025_r_07_e_01', 't_2025_r_07', 'h_003', 'u_jockey_lucas', NULL, 'approved', 1, 6, 85.4, TRUE, TRUE, 'ready', FALSE, 'official', 1, '01:37.25', 'Score 10 pts', '', '2025-01-01T00:00:00.000Z') ON CONFLICT ("id") DO UPDATE SET "jockeyUserId"=EXCLUDED."jockeyUserId", "lane"=EXCLUDED."lane", "handicap"=EXCLUDED."handicap", "ratingSnapshot"=EXCLUDED."ratingSnapshot", "ownerConfirmed"=TRUE, "jockeyConfirmed"=TRUE, "preRaceStatus"='ready', "resultStatus"='official', "position"=EXCLUDED."position", "finishTime"=EXCLUDED."finishTime", "notes"=EXCLUDED."notes";
INSERT INTO "raceEntries" ("id", "raceId", "horseId", "jockeyUserId", "invitationId", "status", "lane", "handicap", "ratingSnapshot", "ownerConfirmed", "jockeyConfirmed", "preRaceStatus", "disqualified", "resultStatus", "position", "finishTime", "notes", "violationNotes", "createdAt") VALUES ('t_2025_r_07_e_02', 't_2025_r_07', 'h_010', 'u_jockey_amelia', NULL, 'approved', 2, 5, 85.8, TRUE, TRUE, 'ready', FALSE, 'official', 2, '01:39.46', 'Score 7 pts', '', '2025-01-01T00:00:00.000Z') ON CONFLICT ("id") DO UPDATE SET "jockeyUserId"=EXCLUDED."jockeyUserId", "lane"=EXCLUDED."lane", "handicap"=EXCLUDED."handicap", "ratingSnapshot"=EXCLUDED."ratingSnapshot", "ownerConfirmed"=TRUE, "jockeyConfirmed"=TRUE, "preRaceStatus"='ready', "resultStatus"='official', "position"=EXCLUDED."position", "finishTime"=EXCLUDED."finishTime", "notes"=EXCLUDED."notes";
INSERT INTO "raceEntries" ("id", "raceId", "horseId", "jockeyUserId", "invitationId", "status", "lane", "handicap", "ratingSnapshot", "ownerConfirmed", "jockeyConfirmed", "preRaceStatus", "disqualified", "resultStatus", "position", "finishTime", "notes", "violationNotes", "createdAt") VALUES ('t_2025_r_07_e_03', 't_2025_r_07', 'h_007', 'u_jockey_emily', NULL, 'approved', 3, 6, 85.5, TRUE, TRUE, 'ready', FALSE, 'official', 3, '01:41.37', 'Score 5 pts', '', '2025-01-01T00:00:00.000Z') ON CONFLICT ("id") DO UPDATE SET "jockeyUserId"=EXCLUDED."jockeyUserId", "lane"=EXCLUDED."lane", "handicap"=EXCLUDED."handicap", "ratingSnapshot"=EXCLUDED."ratingSnapshot", "ownerConfirmed"=TRUE, "jockeyConfirmed"=TRUE, "preRaceStatus"='ready', "resultStatus"='official', "position"=EXCLUDED."position", "finishTime"=EXCLUDED."finishTime", "notes"=EXCLUDED."notes";
INSERT INTO "raceEntries" ("id", "raceId", "horseId", "jockeyUserId", "invitationId", "status", "lane", "handicap", "ratingSnapshot", "ownerConfirmed", "jockeyConfirmed", "preRaceStatus", "disqualified", "resultStatus", "position", "finishTime", "notes", "violationNotes", "createdAt") VALUES ('t_2025_r_07_e_04', 't_2025_r_07', 'h_004', 'u_jockey', NULL, 'approved', 4, 6, 86.9, TRUE, TRUE, 'ready', FALSE, 'official', 4, '01:43.28', 'Score 3 pts', '', '2025-01-01T00:00:00.000Z') ON CONFLICT ("id") DO UPDATE SET "jockeyUserId"=EXCLUDED."jockeyUserId", "lane"=EXCLUDED."lane", "handicap"=EXCLUDED."handicap", "ratingSnapshot"=EXCLUDED."ratingSnapshot", "ownerConfirmed"=TRUE, "jockeyConfirmed"=TRUE, "preRaceStatus"='ready', "resultStatus"='official', "position"=EXCLUDED."position", "finishTime"=EXCLUDED."finishTime", "notes"=EXCLUDED."notes";
INSERT INTO "raceEntries" ("id", "raceId", "horseId", "jockeyUserId", "invitationId", "status", "lane", "handicap", "ratingSnapshot", "ownerConfirmed", "jockeyConfirmed", "preRaceStatus", "disqualified", "resultStatus", "position", "finishTime", "notes", "violationNotes", "createdAt") VALUES ('t_2025_r_07_e_05', 't_2025_r_07', 'h_001', 'u_jockey_ryan', NULL, 'approved', 5, 3, 86.8, TRUE, TRUE, 'ready', FALSE, 'official', 5, '01:45.19', 'Score 2 pts', '', '2025-01-01T00:00:00.000Z') ON CONFLICT ("id") DO UPDATE SET "jockeyUserId"=EXCLUDED."jockeyUserId", "lane"=EXCLUDED."lane", "handicap"=EXCLUDED."handicap", "ratingSnapshot"=EXCLUDED."ratingSnapshot", "ownerConfirmed"=TRUE, "jockeyConfirmed"=TRUE, "preRaceStatus"='ready', "resultStatus"='official', "position"=EXCLUDED."position", "finishTime"=EXCLUDED."finishTime", "notes"=EXCLUDED."notes";
INSERT INTO "raceEntries" ("id", "raceId", "horseId", "jockeyUserId", "invitationId", "status", "lane", "handicap", "ratingSnapshot", "ownerConfirmed", "jockeyConfirmed", "preRaceStatus", "disqualified", "resultStatus", "position", "finishTime", "notes", "violationNotes", "createdAt") VALUES ('t_2025_r_07_e_06', 't_2025_r_07', 'h_008', 'u_jockey_james', NULL, 'approved', 6, 6, 84.4, TRUE, TRUE, 'ready', FALSE, 'official', 6, '01:47.40', 'Score 1 pts', '', '2025-01-01T00:00:00.000Z') ON CONFLICT ("id") DO UPDATE SET "jockeyUserId"=EXCLUDED."jockeyUserId", "lane"=EXCLUDED."lane", "handicap"=EXCLUDED."handicap", "ratingSnapshot"=EXCLUDED."ratingSnapshot", "ownerConfirmed"=TRUE, "jockeyConfirmed"=TRUE, "preRaceStatus"='ready', "resultStatus"='official', "position"=EXCLUDED."position", "finishTime"=EXCLUDED."finishTime", "notes"=EXCLUDED."notes";
INSERT INTO "raceEntries" ("id", "raceId", "horseId", "jockeyUserId", "invitationId", "status", "lane", "handicap", "ratingSnapshot", "ownerConfirmed", "jockeyConfirmed", "preRaceStatus", "disqualified", "resultStatus", "position", "finishTime", "notes", "violationNotes", "createdAt") VALUES ('t_2025_r_07_e_07', 't_2025_r_07', 'h_005', 'u_jockey_pending', NULL, 'approved', 7, 3, 83.7, TRUE, TRUE, 'ready', FALSE, 'official', 7, '01:49.31', 'Score 0 pts', '', '2025-01-01T00:00:00.000Z') ON CONFLICT ("id") DO UPDATE SET "jockeyUserId"=EXCLUDED."jockeyUserId", "lane"=EXCLUDED."lane", "handicap"=EXCLUDED."handicap", "ratingSnapshot"=EXCLUDED."ratingSnapshot", "ownerConfirmed"=TRUE, "jockeyConfirmed"=TRUE, "preRaceStatus"='ready', "resultStatus"='official', "position"=EXCLUDED."position", "finishTime"=EXCLUDED."finishTime", "notes"=EXCLUDED."notes";
INSERT INTO "raceEntries" ("id", "raceId", "horseId", "jockeyUserId", "invitationId", "status", "lane", "handicap", "ratingSnapshot", "ownerConfirmed", "jockeyConfirmed", "preRaceStatus", "disqualified", "resultStatus", "position", "finishTime", "notes", "violationNotes", "createdAt") VALUES ('t_2025_r_07_e_08', 't_2025_r_07', 'h_002', 'u_jockey_hana', NULL, 'approved', 8, 4, 84, TRUE, TRUE, 'ready', FALSE, 'official', 8, '01:51.22', 'Score 0 pts', '', '2025-01-01T00:00:00.000Z') ON CONFLICT ("id") DO UPDATE SET "jockeyUserId"=EXCLUDED."jockeyUserId", "lane"=EXCLUDED."lane", "handicap"=EXCLUDED."handicap", "ratingSnapshot"=EXCLUDED."ratingSnapshot", "ownerConfirmed"=TRUE, "jockeyConfirmed"=TRUE, "preRaceStatus"='ready', "resultStatus"='official', "position"=EXCLUDED."position", "finishTime"=EXCLUDED."finishTime", "notes"=EXCLUDED."notes";
INSERT INTO "raceEntries" ("id", "raceId", "horseId", "jockeyUserId", "invitationId", "status", "lane", "handicap", "ratingSnapshot", "ownerConfirmed", "jockeyConfirmed", "preRaceStatus", "disqualified", "resultStatus", "position", "finishTime", "notes", "violationNotes", "createdAt") VALUES ('t_2025_r_07_e_09', 't_2025_r_07', 'h_009', 'u_jockey_daniel', NULL, 'approved', 9, 3, 86, TRUE, TRUE, 'ready', FALSE, 'official', 9, '01:53.43', 'Score 0 pts', '', '2025-01-01T00:00:00.000Z') ON CONFLICT ("id") DO UPDATE SET "jockeyUserId"=EXCLUDED."jockeyUserId", "lane"=EXCLUDED."lane", "handicap"=EXCLUDED."handicap", "ratingSnapshot"=EXCLUDED."ratingSnapshot", "ownerConfirmed"=TRUE, "jockeyConfirmed"=TRUE, "preRaceStatus"='ready', "resultStatus"='official', "position"=EXCLUDED."position", "finishTime"=EXCLUDED."finishTime", "notes"=EXCLUDED."notes";
INSERT INTO "raceEntries" ("id", "raceId", "horseId", "jockeyUserId", "invitationId", "status", "lane", "handicap", "ratingSnapshot", "ownerConfirmed", "jockeyConfirmed", "preRaceStatus", "disqualified", "resultStatus", "position", "finishTime", "notes", "violationNotes", "createdAt") VALUES ('t_2025_r_07_e_10', 't_2025_r_07', 'h_006', 'u_jockey_sarah', NULL, 'approved', 10, 4, 85.7, TRUE, TRUE, 'ready', FALSE, 'official', 10, '01:55.34', 'Score 0 pts', '', '2025-01-01T00:00:00.000Z') ON CONFLICT ("id") DO UPDATE SET "jockeyUserId"=EXCLUDED."jockeyUserId", "lane"=EXCLUDED."lane", "handicap"=EXCLUDED."handicap", "ratingSnapshot"=EXCLUDED."ratingSnapshot", "ownerConfirmed"=TRUE, "jockeyConfirmed"=TRUE, "preRaceStatus"='ready', "resultStatus"='official', "position"=EXCLUDED."position", "finishTime"=EXCLUDED."finishTime", "notes"=EXCLUDED."notes";
INSERT INTO "races" ("id", "tournamentId", "raceNumber", "name", "round", "date", "time", "venue", "distance", "surface", "raceClass", "handicapMin", "handicapMax", "totalPrize", "refereeUserId", "refereeUserIds", "referee", "status", "participants", "ownerConfirmed", "jockeyConfirmed", "registrationPeriodMinutes", "registrationOpensAt", "registrationClosesAt", "resultStatus", "awardsPublished", "createdBy", "createdAt") VALUES ('t_2025_r_08', 't_2025', 'R8', 'Autumn Gold Cup R8', 'Semi Final', 'October 016, 2025', '17:00', 'Sha Tin Racecourse', '2000m', 'Turf', 'Class A', 0, 9, 68000, 'u_referee', 'u_referee', 'Olivia Grant', 'completed', 10, 10, 10, 10, '2025-01-01T00:00:00.000Z', '2025-01-01T00:10:00.000Z', 'official', TRUE, 'u_admin', NULL) ON CONFLICT ("id") DO UPDATE SET "status"='completed', "participants"=10, "ownerConfirmed"=10, "jockeyConfirmed"=10, "resultStatus"='official', "awardsPublished"=TRUE;
INSERT INTO "raceEntries" ("id", "raceId", "horseId", "jockeyUserId", "invitationId", "status", "lane", "handicap", "ratingSnapshot", "ownerConfirmed", "jockeyConfirmed", "preRaceStatus", "disqualified", "resultStatus", "position", "finishTime", "notes", "violationNotes", "createdAt") VALUES ('t_2025_r_08_e_01', 't_2025_r_08', 'h_009', 'u_jockey_amelia', NULL, 'approved', 1, 4, 86, TRUE, TRUE, 'ready', FALSE, 'official', 1, '01:38.44', 'Score 10 pts', '', '2025-01-01T00:00:00.000Z') ON CONFLICT ("id") DO UPDATE SET "jockeyUserId"=EXCLUDED."jockeyUserId", "lane"=EXCLUDED."lane", "handicap"=EXCLUDED."handicap", "ratingSnapshot"=EXCLUDED."ratingSnapshot", "ownerConfirmed"=TRUE, "jockeyConfirmed"=TRUE, "preRaceStatus"='ready', "resultStatus"='official', "position"=EXCLUDED."position", "finishTime"=EXCLUDED."finishTime", "notes"=EXCLUDED."notes";
INSERT INTO "raceEntries" ("id", "raceId", "horseId", "jockeyUserId", "invitationId", "status", "lane", "handicap", "ratingSnapshot", "ownerConfirmed", "jockeyConfirmed", "preRaceStatus", "disqualified", "resultStatus", "position", "finishTime", "notes", "violationNotes", "createdAt") VALUES ('t_2025_r_08_e_02', 't_2025_r_08', 'h_006', 'u_jockey_emily', NULL, 'approved', 2, 5, 85.7, TRUE, TRUE, 'ready', FALSE, 'official', 2, '01:40.35', 'Score 7 pts', '', '2025-01-01T00:00:00.000Z') ON CONFLICT ("id") DO UPDATE SET "jockeyUserId"=EXCLUDED."jockeyUserId", "lane"=EXCLUDED."lane", "handicap"=EXCLUDED."handicap", "ratingSnapshot"=EXCLUDED."ratingSnapshot", "ownerConfirmed"=TRUE, "jockeyConfirmed"=TRUE, "preRaceStatus"='ready', "resultStatus"='official', "position"=EXCLUDED."position", "finishTime"=EXCLUDED."finishTime", "notes"=EXCLUDED."notes";
INSERT INTO "raceEntries" ("id", "raceId", "horseId", "jockeyUserId", "invitationId", "status", "lane", "handicap", "ratingSnapshot", "ownerConfirmed", "jockeyConfirmed", "preRaceStatus", "disqualified", "resultStatus", "position", "finishTime", "notes", "violationNotes", "createdAt") VALUES ('t_2025_r_08_e_03', 't_2025_r_08', 'h_003', 'u_jockey', NULL, 'approved', 3, 6, 85.4, TRUE, TRUE, 'ready', FALSE, 'official', 3, '01:42.26', 'Score 5 pts', '', '2025-01-01T00:00:00.000Z') ON CONFLICT ("id") DO UPDATE SET "jockeyUserId"=EXCLUDED."jockeyUserId", "lane"=EXCLUDED."lane", "handicap"=EXCLUDED."handicap", "ratingSnapshot"=EXCLUDED."ratingSnapshot", "ownerConfirmed"=TRUE, "jockeyConfirmed"=TRUE, "preRaceStatus"='ready', "resultStatus"='official', "position"=EXCLUDED."position", "finishTime"=EXCLUDED."finishTime", "notes"=EXCLUDED."notes";
INSERT INTO "raceEntries" ("id", "raceId", "horseId", "jockeyUserId", "invitationId", "status", "lane", "handicap", "ratingSnapshot", "ownerConfirmed", "jockeyConfirmed", "preRaceStatus", "disqualified", "resultStatus", "position", "finishTime", "notes", "violationNotes", "createdAt") VALUES ('t_2025_r_08_e_04', 't_2025_r_08', 'h_010', 'u_jockey_ryan', NULL, 'approved', 4, 4, 85.8, TRUE, TRUE, 'ready', FALSE, 'official', 4, '01:44.47', 'Score 3 pts', '', '2025-01-01T00:00:00.000Z') ON CONFLICT ("id") DO UPDATE SET "jockeyUserId"=EXCLUDED."jockeyUserId", "lane"=EXCLUDED."lane", "handicap"=EXCLUDED."handicap", "ratingSnapshot"=EXCLUDED."ratingSnapshot", "ownerConfirmed"=TRUE, "jockeyConfirmed"=TRUE, "preRaceStatus"='ready', "resultStatus"='official', "position"=EXCLUDED."position", "finishTime"=EXCLUDED."finishTime", "notes"=EXCLUDED."notes";
INSERT INTO "raceEntries" ("id", "raceId", "horseId", "jockeyUserId", "invitationId", "status", "lane", "handicap", "ratingSnapshot", "ownerConfirmed", "jockeyConfirmed", "preRaceStatus", "disqualified", "resultStatus", "position", "finishTime", "notes", "violationNotes", "createdAt") VALUES ('t_2025_r_08_e_05', 't_2025_r_08', 'h_007', 'u_jockey_james', NULL, 'approved', 5, 5, 85.5, TRUE, TRUE, 'ready', FALSE, 'official', 5, '01:46.38', 'Score 2 pts', '', '2025-01-01T00:00:00.000Z') ON CONFLICT ("id") DO UPDATE SET "jockeyUserId"=EXCLUDED."jockeyUserId", "lane"=EXCLUDED."lane", "handicap"=EXCLUDED."handicap", "ratingSnapshot"=EXCLUDED."ratingSnapshot", "ownerConfirmed"=TRUE, "jockeyConfirmed"=TRUE, "preRaceStatus"='ready', "resultStatus"='official', "position"=EXCLUDED."position", "finishTime"=EXCLUDED."finishTime", "notes"=EXCLUDED."notes";
INSERT INTO "raceEntries" ("id", "raceId", "horseId", "jockeyUserId", "invitationId", "status", "lane", "handicap", "ratingSnapshot", "ownerConfirmed", "jockeyConfirmed", "preRaceStatus", "disqualified", "resultStatus", "position", "finishTime", "notes", "violationNotes", "createdAt") VALUES ('t_2025_r_08_e_06', 't_2025_r_08', 'h_004', 'u_jockey_pending', NULL, 'approved', 6, 6, 86.9, TRUE, TRUE, 'ready', FALSE, 'official', 6, '01:48.29', 'Score 1 pts', '', '2025-01-01T00:00:00.000Z') ON CONFLICT ("id") DO UPDATE SET "jockeyUserId"=EXCLUDED."jockeyUserId", "lane"=EXCLUDED."lane", "handicap"=EXCLUDED."handicap", "ratingSnapshot"=EXCLUDED."ratingSnapshot", "ownerConfirmed"=TRUE, "jockeyConfirmed"=TRUE, "preRaceStatus"='ready', "resultStatus"='official', "position"=EXCLUDED."position", "finishTime"=EXCLUDED."finishTime", "notes"=EXCLUDED."notes";
INSERT INTO "raceEntries" ("id", "raceId", "horseId", "jockeyUserId", "invitationId", "status", "lane", "handicap", "ratingSnapshot", "ownerConfirmed", "jockeyConfirmed", "preRaceStatus", "disqualified", "resultStatus", "position", "finishTime", "notes", "violationNotes", "createdAt") VALUES ('t_2025_r_08_e_07', 't_2025_r_08', 'h_001', 'u_jockey_hana', NULL, 'approved', 7, 3, 86.8, TRUE, TRUE, 'ready', FALSE, 'official', 7, '01:50.20', 'Score 0 pts', '', '2025-01-01T00:00:00.000Z') ON CONFLICT ("id") DO UPDATE SET "jockeyUserId"=EXCLUDED."jockeyUserId", "lane"=EXCLUDED."lane", "handicap"=EXCLUDED."handicap", "ratingSnapshot"=EXCLUDED."ratingSnapshot", "ownerConfirmed"=TRUE, "jockeyConfirmed"=TRUE, "preRaceStatus"='ready', "resultStatus"='official', "position"=EXCLUDED."position", "finishTime"=EXCLUDED."finishTime", "notes"=EXCLUDED."notes";
INSERT INTO "raceEntries" ("id", "raceId", "horseId", "jockeyUserId", "invitationId", "status", "lane", "handicap", "ratingSnapshot", "ownerConfirmed", "jockeyConfirmed", "preRaceStatus", "disqualified", "resultStatus", "position", "finishTime", "notes", "violationNotes", "createdAt") VALUES ('t_2025_r_08_e_08', 't_2025_r_08', 'h_008', 'u_jockey_daniel', NULL, 'approved', 8, 6, 84.4, TRUE, TRUE, 'ready', FALSE, 'official', 8, '01:52.41', 'Score 0 pts', '', '2025-01-01T00:00:00.000Z') ON CONFLICT ("id") DO UPDATE SET "jockeyUserId"=EXCLUDED."jockeyUserId", "lane"=EXCLUDED."lane", "handicap"=EXCLUDED."handicap", "ratingSnapshot"=EXCLUDED."ratingSnapshot", "ownerConfirmed"=TRUE, "jockeyConfirmed"=TRUE, "preRaceStatus"='ready', "resultStatus"='official', "position"=EXCLUDED."position", "finishTime"=EXCLUDED."finishTime", "notes"=EXCLUDED."notes";
INSERT INTO "raceEntries" ("id", "raceId", "horseId", "jockeyUserId", "invitationId", "status", "lane", "handicap", "ratingSnapshot", "ownerConfirmed", "jockeyConfirmed", "preRaceStatus", "disqualified", "resultStatus", "position", "finishTime", "notes", "violationNotes", "createdAt") VALUES ('t_2025_r_08_e_09', 't_2025_r_08', 'h_005', 'u_jockey_sarah', NULL, 'approved', 9, 3, 83.7, TRUE, TRUE, 'ready', FALSE, 'official', 9, '01:54.32', 'Score 0 pts', '', '2025-01-01T00:00:00.000Z') ON CONFLICT ("id") DO UPDATE SET "jockeyUserId"=EXCLUDED."jockeyUserId", "lane"=EXCLUDED."lane", "handicap"=EXCLUDED."handicap", "ratingSnapshot"=EXCLUDED."ratingSnapshot", "ownerConfirmed"=TRUE, "jockeyConfirmed"=TRUE, "preRaceStatus"='ready', "resultStatus"='official', "position"=EXCLUDED."position", "finishTime"=EXCLUDED."finishTime", "notes"=EXCLUDED."notes";
INSERT INTO "raceEntries" ("id", "raceId", "horseId", "jockeyUserId", "invitationId", "status", "lane", "handicap", "ratingSnapshot", "ownerConfirmed", "jockeyConfirmed", "preRaceStatus", "disqualified", "resultStatus", "position", "finishTime", "notes", "violationNotes", "createdAt") VALUES ('t_2025_r_08_e_10', 't_2025_r_08', 'h_002', 'u_jockey_lucas', NULL, 'approved', 10, 4, 84, TRUE, TRUE, 'ready', FALSE, 'official', 10, '01:56.23', 'Score 0 pts', '', '2025-01-01T00:00:00.000Z') ON CONFLICT ("id") DO UPDATE SET "jockeyUserId"=EXCLUDED."jockeyUserId", "lane"=EXCLUDED."lane", "handicap"=EXCLUDED."handicap", "ratingSnapshot"=EXCLUDED."ratingSnapshot", "ownerConfirmed"=TRUE, "jockeyConfirmed"=TRUE, "preRaceStatus"='ready', "resultStatus"='official', "position"=EXCLUDED."position", "finishTime"=EXCLUDED."finishTime", "notes"=EXCLUDED."notes";
INSERT INTO "races" ("id", "tournamentId", "raceNumber", "name", "round", "date", "time", "venue", "distance", "surface", "raceClass", "handicapMin", "handicapMax", "totalPrize", "refereeUserId", "refereeUserIds", "referee", "status", "participants", "ownerConfirmed", "jockeyConfirmed", "registrationPeriodMinutes", "registrationOpensAt", "registrationClosesAt", "resultStatus", "awardsPublished", "createdBy", "createdAt") VALUES ('t_2025_r_09', 't_2025', 'R9', 'Autumn Gold Cup R9', 'Semi Final', 'October 018, 2025', '15:30', 'Sha Tin Racecourse', '2100m', 'Dirt', 'Class A', 1, 10, 68000, 'u_referee', 'u_referee', 'Olivia Grant', 'completed', 10, 10, 10, 10, '2025-01-01T00:00:00.000Z', '2025-01-01T00:10:00.000Z', 'official', TRUE, 'u_admin', NULL) ON CONFLICT ("id") DO UPDATE SET "status"='completed', "participants"=10, "ownerConfirmed"=10, "jockeyConfirmed"=10, "resultStatus"='official', "awardsPublished"=TRUE;
INSERT INTO "raceEntries" ("id", "raceId", "horseId", "jockeyUserId", "invitationId", "status", "lane", "handicap", "ratingSnapshot", "ownerConfirmed", "jockeyConfirmed", "preRaceStatus", "disqualified", "resultStatus", "position", "finishTime", "notes", "violationNotes", "createdAt") VALUES ('t_2025_r_09_e_01', 't_2025_r_09', 'h_005', 'u_jockey_emily', NULL, 'approved', 1, 4, 83.7, TRUE, TRUE, 'ready', FALSE, 'official', 1, '01:39.33', 'Score 10 pts', '', '2025-01-01T00:00:00.000Z') ON CONFLICT ("id") DO UPDATE SET "jockeyUserId"=EXCLUDED."jockeyUserId", "lane"=EXCLUDED."lane", "handicap"=EXCLUDED."handicap", "ratingSnapshot"=EXCLUDED."ratingSnapshot", "ownerConfirmed"=TRUE, "jockeyConfirmed"=TRUE, "preRaceStatus"='ready', "resultStatus"='official', "position"=EXCLUDED."position", "finishTime"=EXCLUDED."finishTime", "notes"=EXCLUDED."notes";
INSERT INTO "raceEntries" ("id", "raceId", "horseId", "jockeyUserId", "invitationId", "status", "lane", "handicap", "ratingSnapshot", "ownerConfirmed", "jockeyConfirmed", "preRaceStatus", "disqualified", "resultStatus", "position", "finishTime", "notes", "violationNotes", "createdAt") VALUES ('t_2025_r_09_e_02', 't_2025_r_09', 'h_002', 'u_jockey', NULL, 'approved', 2, 5, 84, TRUE, TRUE, 'ready', FALSE, 'official', 2, '01:41.24', 'Score 7 pts', '', '2025-01-01T00:00:00.000Z') ON CONFLICT ("id") DO UPDATE SET "jockeyUserId"=EXCLUDED."jockeyUserId", "lane"=EXCLUDED."lane", "handicap"=EXCLUDED."handicap", "ratingSnapshot"=EXCLUDED."ratingSnapshot", "ownerConfirmed"=TRUE, "jockeyConfirmed"=TRUE, "preRaceStatus"='ready', "resultStatus"='official', "position"=EXCLUDED."position", "finishTime"=EXCLUDED."finishTime", "notes"=EXCLUDED."notes";
INSERT INTO "raceEntries" ("id", "raceId", "horseId", "jockeyUserId", "invitationId", "status", "lane", "handicap", "ratingSnapshot", "ownerConfirmed", "jockeyConfirmed", "preRaceStatus", "disqualified", "resultStatus", "position", "finishTime", "notes", "violationNotes", "createdAt") VALUES ('t_2025_r_09_e_03', 't_2025_r_09', 'h_009', 'u_jockey_ryan', NULL, 'approved', 3, 4, 86, TRUE, TRUE, 'ready', FALSE, 'official', 3, '01:43.45', 'Score 5 pts', '', '2025-01-01T00:00:00.000Z') ON CONFLICT ("id") DO UPDATE SET "jockeyUserId"=EXCLUDED."jockeyUserId", "lane"=EXCLUDED."lane", "handicap"=EXCLUDED."handicap", "ratingSnapshot"=EXCLUDED."ratingSnapshot", "ownerConfirmed"=TRUE, "jockeyConfirmed"=TRUE, "preRaceStatus"='ready', "resultStatus"='official', "position"=EXCLUDED."position", "finishTime"=EXCLUDED."finishTime", "notes"=EXCLUDED."notes";
INSERT INTO "raceEntries" ("id", "raceId", "horseId", "jockeyUserId", "invitationId", "status", "lane", "handicap", "ratingSnapshot", "ownerConfirmed", "jockeyConfirmed", "preRaceStatus", "disqualified", "resultStatus", "position", "finishTime", "notes", "violationNotes", "createdAt") VALUES ('t_2025_r_09_e_04', 't_2025_r_09', 'h_006', 'u_jockey_james', NULL, 'approved', 4, 4, 85.7, TRUE, TRUE, 'ready', FALSE, 'official', 4, '01:45.36', 'Score 3 pts', '', '2025-01-01T00:00:00.000Z') ON CONFLICT ("id") DO UPDATE SET "jockeyUserId"=EXCLUDED."jockeyUserId", "lane"=EXCLUDED."lane", "handicap"=EXCLUDED."handicap", "ratingSnapshot"=EXCLUDED."ratingSnapshot", "ownerConfirmed"=TRUE, "jockeyConfirmed"=TRUE, "preRaceStatus"='ready', "resultStatus"='official', "position"=EXCLUDED."position", "finishTime"=EXCLUDED."finishTime", "notes"=EXCLUDED."notes";
INSERT INTO "raceEntries" ("id", "raceId", "horseId", "jockeyUserId", "invitationId", "status", "lane", "handicap", "ratingSnapshot", "ownerConfirmed", "jockeyConfirmed", "preRaceStatus", "disqualified", "resultStatus", "position", "finishTime", "notes", "violationNotes", "createdAt") VALUES ('t_2025_r_09_e_05', 't_2025_r_09', 'h_003', 'u_jockey_pending', NULL, 'approved', 5, 5, 85.4, TRUE, TRUE, 'ready', FALSE, 'official', 5, '01:47.27', 'Score 2 pts', '', '2025-01-01T00:00:00.000Z') ON CONFLICT ("id") DO UPDATE SET "jockeyUserId"=EXCLUDED."jockeyUserId", "lane"=EXCLUDED."lane", "handicap"=EXCLUDED."handicap", "ratingSnapshot"=EXCLUDED."ratingSnapshot", "ownerConfirmed"=TRUE, "jockeyConfirmed"=TRUE, "preRaceStatus"='ready', "resultStatus"='official', "position"=EXCLUDED."position", "finishTime"=EXCLUDED."finishTime", "notes"=EXCLUDED."notes";
INSERT INTO "raceEntries" ("id", "raceId", "horseId", "jockeyUserId", "invitationId", "status", "lane", "handicap", "ratingSnapshot", "ownerConfirmed", "jockeyConfirmed", "preRaceStatus", "disqualified", "resultStatus", "position", "finishTime", "notes", "violationNotes", "createdAt") VALUES ('t_2025_r_09_e_06', 't_2025_r_09', 'h_010', 'u_jockey_hana', NULL, 'approved', 6, 4, 85.8, TRUE, TRUE, 'ready', FALSE, 'official', 6, '01:49.48', 'Score 1 pts', '', '2025-01-01T00:00:00.000Z') ON CONFLICT ("id") DO UPDATE SET "jockeyUserId"=EXCLUDED."jockeyUserId", "lane"=EXCLUDED."lane", "handicap"=EXCLUDED."handicap", "ratingSnapshot"=EXCLUDED."ratingSnapshot", "ownerConfirmed"=TRUE, "jockeyConfirmed"=TRUE, "preRaceStatus"='ready', "resultStatus"='official', "position"=EXCLUDED."position", "finishTime"=EXCLUDED."finishTime", "notes"=EXCLUDED."notes";
INSERT INTO "raceEntries" ("id", "raceId", "horseId", "jockeyUserId", "invitationId", "status", "lane", "handicap", "ratingSnapshot", "ownerConfirmed", "jockeyConfirmed", "preRaceStatus", "disqualified", "resultStatus", "position", "finishTime", "notes", "violationNotes", "createdAt") VALUES ('t_2025_r_09_e_07', 't_2025_r_09', 'h_007', 'u_jockey_daniel', NULL, 'approved', 7, 5, 85.5, TRUE, TRUE, 'ready', FALSE, 'official', 7, '01:51.39', 'Score 0 pts', '', '2025-01-01T00:00:00.000Z') ON CONFLICT ("id") DO UPDATE SET "jockeyUserId"=EXCLUDED."jockeyUserId", "lane"=EXCLUDED."lane", "handicap"=EXCLUDED."handicap", "ratingSnapshot"=EXCLUDED."ratingSnapshot", "ownerConfirmed"=TRUE, "jockeyConfirmed"=TRUE, "preRaceStatus"='ready', "resultStatus"='official', "position"=EXCLUDED."position", "finishTime"=EXCLUDED."finishTime", "notes"=EXCLUDED."notes";
INSERT INTO "raceEntries" ("id", "raceId", "horseId", "jockeyUserId", "invitationId", "status", "lane", "handicap", "ratingSnapshot", "ownerConfirmed", "jockeyConfirmed", "preRaceStatus", "disqualified", "resultStatus", "position", "finishTime", "notes", "violationNotes", "createdAt") VALUES ('t_2025_r_09_e_08', 't_2025_r_09', 'h_004', 'u_jockey_sarah', NULL, 'approved', 8, 6, 86.9, TRUE, TRUE, 'ready', FALSE, 'official', 8, '01:53.30', 'Score 0 pts', '', '2025-01-01T00:00:00.000Z') ON CONFLICT ("id") DO UPDATE SET "jockeyUserId"=EXCLUDED."jockeyUserId", "lane"=EXCLUDED."lane", "handicap"=EXCLUDED."handicap", "ratingSnapshot"=EXCLUDED."ratingSnapshot", "ownerConfirmed"=TRUE, "jockeyConfirmed"=TRUE, "preRaceStatus"='ready', "resultStatus"='official', "position"=EXCLUDED."position", "finishTime"=EXCLUDED."finishTime", "notes"=EXCLUDED."notes";
INSERT INTO "raceEntries" ("id", "raceId", "horseId", "jockeyUserId", "invitationId", "status", "lane", "handicap", "ratingSnapshot", "ownerConfirmed", "jockeyConfirmed", "preRaceStatus", "disqualified", "resultStatus", "position", "finishTime", "notes", "violationNotes", "createdAt") VALUES ('t_2025_r_09_e_09', 't_2025_r_09', 'h_001', 'u_jockey_lucas', NULL, 'approved', 9, 3, 86.8, TRUE, TRUE, 'ready', FALSE, 'official', 9, '01:55.21', 'Score 0 pts', '', '2025-01-01T00:00:00.000Z') ON CONFLICT ("id") DO UPDATE SET "jockeyUserId"=EXCLUDED."jockeyUserId", "lane"=EXCLUDED."lane", "handicap"=EXCLUDED."handicap", "ratingSnapshot"=EXCLUDED."ratingSnapshot", "ownerConfirmed"=TRUE, "jockeyConfirmed"=TRUE, "preRaceStatus"='ready', "resultStatus"='official', "position"=EXCLUDED."position", "finishTime"=EXCLUDED."finishTime", "notes"=EXCLUDED."notes";
INSERT INTO "raceEntries" ("id", "raceId", "horseId", "jockeyUserId", "invitationId", "status", "lane", "handicap", "ratingSnapshot", "ownerConfirmed", "jockeyConfirmed", "preRaceStatus", "disqualified", "resultStatus", "position", "finishTime", "notes", "violationNotes", "createdAt") VALUES ('t_2025_r_09_e_10', 't_2025_r_09', 'h_008', 'u_jockey_amelia', NULL, 'approved', 10, 6, 84.4, TRUE, TRUE, 'ready', FALSE, 'official', 10, '01:57.42', 'Score 0 pts', '', '2025-01-01T00:00:00.000Z') ON CONFLICT ("id") DO UPDATE SET "jockeyUserId"=EXCLUDED."jockeyUserId", "lane"=EXCLUDED."lane", "handicap"=EXCLUDED."handicap", "ratingSnapshot"=EXCLUDED."ratingSnapshot", "ownerConfirmed"=TRUE, "jockeyConfirmed"=TRUE, "preRaceStatus"='ready', "resultStatus"='official', "position"=EXCLUDED."position", "finishTime"=EXCLUDED."finishTime", "notes"=EXCLUDED."notes";
INSERT INTO "races" ("id", "tournamentId", "raceNumber", "name", "round", "date", "time", "venue", "distance", "surface", "raceClass", "handicapMin", "handicapMax", "totalPrize", "refereeUserId", "refereeUserIds", "referee", "status", "participants", "ownerConfirmed", "jockeyConfirmed", "registrationPeriodMinutes", "registrationOpensAt", "registrationClosesAt", "resultStatus", "awardsPublished", "createdBy", "createdAt") VALUES ('t_2025_r_10', 't_2025', 'R10', 'Autumn Gold Cup R10', 'Final', 'October 25, 2025', '16:00', 'Sha Tin Racecourse', '2200m', 'Turf', 'Championship', 2, 6, 68000, 'u_referee', 'u_referee', 'Olivia Grant', 'completed', 10, 10, 10, 10, '2025-01-01T00:00:00.000Z', '2025-01-01T00:10:00.000Z', 'official', TRUE, 'u_admin', NULL) ON CONFLICT ("id") DO UPDATE SET "status"='completed', "participants"=10, "ownerConfirmed"=10, "jockeyConfirmed"=10, "resultStatus"='official', "awardsPublished"=TRUE;
INSERT INTO "raceEntries" ("id", "raceId", "horseId", "jockeyUserId", "invitationId", "status", "lane", "handicap", "ratingSnapshot", "ownerConfirmed", "jockeyConfirmed", "preRaceStatus", "disqualified", "resultStatus", "position", "finishTime", "notes", "violationNotes", "createdAt") VALUES ('t_2025_r_10_e_01', 't_2025_r_10', 'h_001', 'u_jockey', NULL, 'approved', 1, 4, 86.8, TRUE, TRUE, 'ready', FALSE, 'official', 1, '01:40.22', 'Score 10 pts', '', '2025-01-01T00:00:00.000Z') ON CONFLICT ("id") DO UPDATE SET "jockeyUserId"=EXCLUDED."jockeyUserId", "lane"=EXCLUDED."lane", "handicap"=EXCLUDED."handicap", "ratingSnapshot"=EXCLUDED."ratingSnapshot", "ownerConfirmed"=TRUE, "jockeyConfirmed"=TRUE, "preRaceStatus"='ready', "resultStatus"='official', "position"=EXCLUDED."position", "finishTime"=EXCLUDED."finishTime", "notes"=EXCLUDED."notes";
INSERT INTO "raceEntries" ("id", "raceId", "horseId", "jockeyUserId", "invitationId", "status", "lane", "handicap", "ratingSnapshot", "ownerConfirmed", "jockeyConfirmed", "preRaceStatus", "disqualified", "resultStatus", "position", "finishTime", "notes", "violationNotes", "createdAt") VALUES ('t_2025_r_10_e_02', 't_2025_r_10', 'h_008', 'u_jockey_ryan', NULL, 'approved', 2, 7, 84.4, TRUE, TRUE, 'ready', FALSE, 'official', 2, '01:42.43', 'Score 7 pts', '', '2025-01-01T00:00:00.000Z') ON CONFLICT ("id") DO UPDATE SET "jockeyUserId"=EXCLUDED."jockeyUserId", "lane"=EXCLUDED."lane", "handicap"=EXCLUDED."handicap", "ratingSnapshot"=EXCLUDED."ratingSnapshot", "ownerConfirmed"=TRUE, "jockeyConfirmed"=TRUE, "preRaceStatus"='ready', "resultStatus"='official', "position"=EXCLUDED."position", "finishTime"=EXCLUDED."finishTime", "notes"=EXCLUDED."notes";
INSERT INTO "raceEntries" ("id", "raceId", "horseId", "jockeyUserId", "invitationId", "status", "lane", "handicap", "ratingSnapshot", "ownerConfirmed", "jockeyConfirmed", "preRaceStatus", "disqualified", "resultStatus", "position", "finishTime", "notes", "violationNotes", "createdAt") VALUES ('t_2025_r_10_e_03', 't_2025_r_10', 'h_005', 'u_jockey_james', NULL, 'approved', 3, 4, 83.7, TRUE, TRUE, 'ready', FALSE, 'official', 3, '01:44.34', 'Score 5 pts', '', '2025-01-01T00:00:00.000Z') ON CONFLICT ("id") DO UPDATE SET "jockeyUserId"=EXCLUDED."jockeyUserId", "lane"=EXCLUDED."lane", "handicap"=EXCLUDED."handicap", "ratingSnapshot"=EXCLUDED."ratingSnapshot", "ownerConfirmed"=TRUE, "jockeyConfirmed"=TRUE, "preRaceStatus"='ready', "resultStatus"='official', "position"=EXCLUDED."position", "finishTime"=EXCLUDED."finishTime", "notes"=EXCLUDED."notes";
INSERT INTO "raceEntries" ("id", "raceId", "horseId", "jockeyUserId", "invitationId", "status", "lane", "handicap", "ratingSnapshot", "ownerConfirmed", "jockeyConfirmed", "preRaceStatus", "disqualified", "resultStatus", "position", "finishTime", "notes", "violationNotes", "createdAt") VALUES ('t_2025_r_10_e_04', 't_2025_r_10', 'h_002', 'u_jockey_pending', NULL, 'approved', 4, 4, 84, TRUE, TRUE, 'ready', FALSE, 'official', 4, '01:46.25', 'Score 3 pts', '', '2025-01-01T00:00:00.000Z') ON CONFLICT ("id") DO UPDATE SET "jockeyUserId"=EXCLUDED."jockeyUserId", "lane"=EXCLUDED."lane", "handicap"=EXCLUDED."handicap", "ratingSnapshot"=EXCLUDED."ratingSnapshot", "ownerConfirmed"=TRUE, "jockeyConfirmed"=TRUE, "preRaceStatus"='ready', "resultStatus"='official', "position"=EXCLUDED."position", "finishTime"=EXCLUDED."finishTime", "notes"=EXCLUDED."notes";
INSERT INTO "raceEntries" ("id", "raceId", "horseId", "jockeyUserId", "invitationId", "status", "lane", "handicap", "ratingSnapshot", "ownerConfirmed", "jockeyConfirmed", "preRaceStatus", "disqualified", "resultStatus", "position", "finishTime", "notes", "violationNotes", "createdAt") VALUES ('t_2025_r_10_e_05', 't_2025_r_10', 'h_009', 'u_jockey_hana', NULL, 'approved', 5, 3, 86, TRUE, TRUE, 'ready', FALSE, 'official', 5, '01:48.46', 'Score 2 pts', '', '2025-01-01T00:00:00.000Z') ON CONFLICT ("id") DO UPDATE SET "jockeyUserId"=EXCLUDED."jockeyUserId", "lane"=EXCLUDED."lane", "handicap"=EXCLUDED."handicap", "ratingSnapshot"=EXCLUDED."ratingSnapshot", "ownerConfirmed"=TRUE, "jockeyConfirmed"=TRUE, "preRaceStatus"='ready', "resultStatus"='official', "position"=EXCLUDED."position", "finishTime"=EXCLUDED."finishTime", "notes"=EXCLUDED."notes";
INSERT INTO "raceEntries" ("id", "raceId", "horseId", "jockeyUserId", "invitationId", "status", "lane", "handicap", "ratingSnapshot", "ownerConfirmed", "jockeyConfirmed", "preRaceStatus", "disqualified", "resultStatus", "position", "finishTime", "notes", "violationNotes", "createdAt") VALUES ('t_2025_r_10_e_06', 't_2025_r_10', 'h_006', 'u_jockey_daniel', NULL, 'approved', 6, 4, 85.7, TRUE, TRUE, 'ready', FALSE, 'official', 6, '01:50.37', 'Score 1 pts', '', '2025-01-01T00:00:00.000Z') ON CONFLICT ("id") DO UPDATE SET "jockeyUserId"=EXCLUDED."jockeyUserId", "lane"=EXCLUDED."lane", "handicap"=EXCLUDED."handicap", "ratingSnapshot"=EXCLUDED."ratingSnapshot", "ownerConfirmed"=TRUE, "jockeyConfirmed"=TRUE, "preRaceStatus"='ready', "resultStatus"='official', "position"=EXCLUDED."position", "finishTime"=EXCLUDED."finishTime", "notes"=EXCLUDED."notes";
INSERT INTO "raceEntries" ("id", "raceId", "horseId", "jockeyUserId", "invitationId", "status", "lane", "handicap", "ratingSnapshot", "ownerConfirmed", "jockeyConfirmed", "preRaceStatus", "disqualified", "resultStatus", "position", "finishTime", "notes", "violationNotes", "createdAt") VALUES ('t_2025_r_10_e_07', 't_2025_r_10', 'h_003', 'u_jockey_sarah', NULL, 'approved', 7, 5, 85.4, TRUE, TRUE, 'ready', FALSE, 'official', 7, '01:52.28', 'Score 0 pts', '', '2025-01-01T00:00:00.000Z') ON CONFLICT ("id") DO UPDATE SET "jockeyUserId"=EXCLUDED."jockeyUserId", "lane"=EXCLUDED."lane", "handicap"=EXCLUDED."handicap", "ratingSnapshot"=EXCLUDED."ratingSnapshot", "ownerConfirmed"=TRUE, "jockeyConfirmed"=TRUE, "preRaceStatus"='ready', "resultStatus"='official', "position"=EXCLUDED."position", "finishTime"=EXCLUDED."finishTime", "notes"=EXCLUDED."notes";
INSERT INTO "raceEntries" ("id", "raceId", "horseId", "jockeyUserId", "invitationId", "status", "lane", "handicap", "ratingSnapshot", "ownerConfirmed", "jockeyConfirmed", "preRaceStatus", "disqualified", "resultStatus", "position", "finishTime", "notes", "violationNotes", "createdAt") VALUES ('t_2025_r_10_e_08', 't_2025_r_10', 'h_010', 'u_jockey_lucas', NULL, 'approved', 8, 4, 85.8, TRUE, TRUE, 'ready', FALSE, 'official', 8, '01:54.49', 'Score 0 pts', '', '2025-01-01T00:00:00.000Z') ON CONFLICT ("id") DO UPDATE SET "jockeyUserId"=EXCLUDED."jockeyUserId", "lane"=EXCLUDED."lane", "handicap"=EXCLUDED."handicap", "ratingSnapshot"=EXCLUDED."ratingSnapshot", "ownerConfirmed"=TRUE, "jockeyConfirmed"=TRUE, "preRaceStatus"='ready', "resultStatus"='official', "position"=EXCLUDED."position", "finishTime"=EXCLUDED."finishTime", "notes"=EXCLUDED."notes";
INSERT INTO "raceEntries" ("id", "raceId", "horseId", "jockeyUserId", "invitationId", "status", "lane", "handicap", "ratingSnapshot", "ownerConfirmed", "jockeyConfirmed", "preRaceStatus", "disqualified", "resultStatus", "position", "finishTime", "notes", "violationNotes", "createdAt") VALUES ('t_2025_r_10_e_09', 't_2025_r_10', 'h_007', 'u_jockey_amelia', NULL, 'approved', 9, 5, 85.5, TRUE, TRUE, 'ready', FALSE, 'official', 9, '01:56.40', 'Score 0 pts', '', '2025-01-01T00:00:00.000Z') ON CONFLICT ("id") DO UPDATE SET "jockeyUserId"=EXCLUDED."jockeyUserId", "lane"=EXCLUDED."lane", "handicap"=EXCLUDED."handicap", "ratingSnapshot"=EXCLUDED."ratingSnapshot", "ownerConfirmed"=TRUE, "jockeyConfirmed"=TRUE, "preRaceStatus"='ready', "resultStatus"='official', "position"=EXCLUDED."position", "finishTime"=EXCLUDED."finishTime", "notes"=EXCLUDED."notes";
INSERT INTO "raceEntries" ("id", "raceId", "horseId", "jockeyUserId", "invitationId", "status", "lane", "handicap", "ratingSnapshot", "ownerConfirmed", "jockeyConfirmed", "preRaceStatus", "disqualified", "resultStatus", "position", "finishTime", "notes", "violationNotes", "createdAt") VALUES ('t_2025_r_10_e_10', 't_2025_r_10', 'h_004', 'u_jockey_emily', NULL, 'approved', 10, 6, 86.9, TRUE, TRUE, 'ready', FALSE, 'official', 10, '01:58.31', 'Score 0 pts', '', '2025-01-01T00:00:00.000Z') ON CONFLICT ("id") DO UPDATE SET "jockeyUserId"=EXCLUDED."jockeyUserId", "lane"=EXCLUDED."lane", "handicap"=EXCLUDED."handicap", "ratingSnapshot"=EXCLUDED."ratingSnapshot", "ownerConfirmed"=TRUE, "jockeyConfirmed"=TRUE, "preRaceStatus"='ready', "resultStatus"='official', "position"=EXCLUDED."position", "finishTime"=EXCLUDED."finishTime", "notes"=EXCLUDED."notes";
INSERT INTO "tournaments" ("id", "name", "status", "registrationWindow", "startDate", "finalDate", "location", "prizePool") VALUES ('t_2024', 'Spring Royal Cup 2024', 'completed', 'Mar 01 - Mar 15, 2024', 'Apr 02, 2024', 'Apr 26, 2024', 'Happy Valley Racecourse', 620000) ON CONFLICT ("id") DO UPDATE SET "name"=EXCLUDED."name", "status"=EXCLUDED."status", "registrationWindow"=EXCLUDED."registrationWindow", "startDate"=EXCLUDED."startDate", "finalDate"=EXCLUDED."finalDate", "location"=EXCLUDED."location", "prizePool"=EXCLUDED."prizePool";
INSERT INTO "races" ("id", "tournamentId", "raceNumber", "name", "round", "date", "time", "venue", "distance", "surface", "raceClass", "handicapMin", "handicapMax", "totalPrize", "refereeUserId", "refereeUserIds", "referee", "status", "participants", "ownerConfirmed", "jockeyConfirmed", "registrationPeriodMinutes", "registrationOpensAt", "registrationClosesAt", "resultStatus", "awardsPublished", "createdBy", "createdAt") VALUES ('t_2024_r_01', 't_2024', 'R1', 'Spring Royal Cup R1', 'Qualifier', 'April 02, 2024', '16:30', 'Happy Valley Racecourse', '1300m', 'Turf', 'Class A', 1, 7, 62000, 'u_referee', 'u_referee', 'Olivia Grant', 'completed', 10, 10, 10, 10, '2024-01-01T00:00:00.000Z', '2024-01-01T00:10:00.000Z', 'official', TRUE, 'u_admin', NULL) ON CONFLICT ("id") DO UPDATE SET "status"='completed', "participants"=10, "ownerConfirmed"=10, "jockeyConfirmed"=10, "resultStatus"='official', "awardsPublished"=TRUE;
INSERT INTO "raceEntries" ("id", "raceId", "horseId", "jockeyUserId", "invitationId", "status", "lane", "handicap", "ratingSnapshot", "ownerConfirmed", "jockeyConfirmed", "preRaceStatus", "disqualified", "resultStatus", "position", "finishTime", "notes", "violationNotes", "createdAt") VALUES ('t_2024_r_01_e_01', 't_2024_r_01', 'h_003', 'u_jockey_amelia', NULL, 'approved', 1, 6, 85.4, TRUE, TRUE, 'ready', FALSE, 'official', 1, '01:31.19', 'Score 10 pts', '', '2024-01-01T00:00:00.000Z') ON CONFLICT ("id") DO UPDATE SET "jockeyUserId"=EXCLUDED."jockeyUserId", "lane"=EXCLUDED."lane", "handicap"=EXCLUDED."handicap", "ratingSnapshot"=EXCLUDED."ratingSnapshot", "ownerConfirmed"=TRUE, "jockeyConfirmed"=TRUE, "preRaceStatus"='ready', "resultStatus"='official', "position"=EXCLUDED."position", "finishTime"=EXCLUDED."finishTime", "notes"=EXCLUDED."notes";
INSERT INTO "raceEntries" ("id", "raceId", "horseId", "jockeyUserId", "invitationId", "status", "lane", "handicap", "ratingSnapshot", "ownerConfirmed", "jockeyConfirmed", "preRaceStatus", "disqualified", "resultStatus", "position", "finishTime", "notes", "violationNotes", "createdAt") VALUES ('t_2024_r_01_e_02', 't_2024_r_01', 'h_010', 'u_jockey_emily', NULL, 'approved', 2, 5, 85.8, TRUE, TRUE, 'ready', FALSE, 'official', 2, '01:33.40', 'Score 7 pts', '', '2024-01-01T00:00:00.000Z') ON CONFLICT ("id") DO UPDATE SET "jockeyUserId"=EXCLUDED."jockeyUserId", "lane"=EXCLUDED."lane", "handicap"=EXCLUDED."handicap", "ratingSnapshot"=EXCLUDED."ratingSnapshot", "ownerConfirmed"=TRUE, "jockeyConfirmed"=TRUE, "preRaceStatus"='ready', "resultStatus"='official', "position"=EXCLUDED."position", "finishTime"=EXCLUDED."finishTime", "notes"=EXCLUDED."notes";
INSERT INTO "raceEntries" ("id", "raceId", "horseId", "jockeyUserId", "invitationId", "status", "lane", "handicap", "ratingSnapshot", "ownerConfirmed", "jockeyConfirmed", "preRaceStatus", "disqualified", "resultStatus", "position", "finishTime", "notes", "violationNotes", "createdAt") VALUES ('t_2024_r_01_e_03', 't_2024_r_01', 'h_007', 'u_jockey', NULL, 'approved', 3, 6, 85.5, TRUE, TRUE, 'ready', FALSE, 'official', 3, '01:35.31', 'Score 5 pts', '', '2024-01-01T00:00:00.000Z') ON CONFLICT ("id") DO UPDATE SET "jockeyUserId"=EXCLUDED."jockeyUserId", "lane"=EXCLUDED."lane", "handicap"=EXCLUDED."handicap", "ratingSnapshot"=EXCLUDED."ratingSnapshot", "ownerConfirmed"=TRUE, "jockeyConfirmed"=TRUE, "preRaceStatus"='ready', "resultStatus"='official', "position"=EXCLUDED."position", "finishTime"=EXCLUDED."finishTime", "notes"=EXCLUDED."notes";
INSERT INTO "raceEntries" ("id", "raceId", "horseId", "jockeyUserId", "invitationId", "status", "lane", "handicap", "ratingSnapshot", "ownerConfirmed", "jockeyConfirmed", "preRaceStatus", "disqualified", "resultStatus", "position", "finishTime", "notes", "violationNotes", "createdAt") VALUES ('t_2024_r_01_e_04', 't_2024_r_01', 'h_004', 'u_jockey_ryan', NULL, 'approved', 4, 6, 86.9, TRUE, TRUE, 'ready', FALSE, 'official', 4, '01:37.22', 'Score 3 pts', '', '2024-01-01T00:00:00.000Z') ON CONFLICT ("id") DO UPDATE SET "jockeyUserId"=EXCLUDED."jockeyUserId", "lane"=EXCLUDED."lane", "handicap"=EXCLUDED."handicap", "ratingSnapshot"=EXCLUDED."ratingSnapshot", "ownerConfirmed"=TRUE, "jockeyConfirmed"=TRUE, "preRaceStatus"='ready', "resultStatus"='official', "position"=EXCLUDED."position", "finishTime"=EXCLUDED."finishTime", "notes"=EXCLUDED."notes";
INSERT INTO "raceEntries" ("id", "raceId", "horseId", "jockeyUserId", "invitationId", "status", "lane", "handicap", "ratingSnapshot", "ownerConfirmed", "jockeyConfirmed", "preRaceStatus", "disqualified", "resultStatus", "position", "finishTime", "notes", "violationNotes", "createdAt") VALUES ('t_2024_r_01_e_05', 't_2024_r_01', 'h_001', 'u_jockey_james', NULL, 'approved', 5, 3, 86.8, TRUE, TRUE, 'ready', FALSE, 'official', 5, '01:39.13', 'Score 2 pts', '', '2024-01-01T00:00:00.000Z') ON CONFLICT ("id") DO UPDATE SET "jockeyUserId"=EXCLUDED."jockeyUserId", "lane"=EXCLUDED."lane", "handicap"=EXCLUDED."handicap", "ratingSnapshot"=EXCLUDED."ratingSnapshot", "ownerConfirmed"=TRUE, "jockeyConfirmed"=TRUE, "preRaceStatus"='ready', "resultStatus"='official', "position"=EXCLUDED."position", "finishTime"=EXCLUDED."finishTime", "notes"=EXCLUDED."notes";
INSERT INTO "raceEntries" ("id", "raceId", "horseId", "jockeyUserId", "invitationId", "status", "lane", "handicap", "ratingSnapshot", "ownerConfirmed", "jockeyConfirmed", "preRaceStatus", "disqualified", "resultStatus", "position", "finishTime", "notes", "violationNotes", "createdAt") VALUES ('t_2024_r_01_e_06', 't_2024_r_01', 'h_008', 'u_jockey_pending', NULL, 'approved', 6, 6, 84.4, TRUE, TRUE, 'ready', FALSE, 'official', 6, '01:41.34', 'Score 1 pts', '', '2024-01-01T00:00:00.000Z') ON CONFLICT ("id") DO UPDATE SET "jockeyUserId"=EXCLUDED."jockeyUserId", "lane"=EXCLUDED."lane", "handicap"=EXCLUDED."handicap", "ratingSnapshot"=EXCLUDED."ratingSnapshot", "ownerConfirmed"=TRUE, "jockeyConfirmed"=TRUE, "preRaceStatus"='ready', "resultStatus"='official', "position"=EXCLUDED."position", "finishTime"=EXCLUDED."finishTime", "notes"=EXCLUDED."notes";
INSERT INTO "raceEntries" ("id", "raceId", "horseId", "jockeyUserId", "invitationId", "status", "lane", "handicap", "ratingSnapshot", "ownerConfirmed", "jockeyConfirmed", "preRaceStatus", "disqualified", "resultStatus", "position", "finishTime", "notes", "violationNotes", "createdAt") VALUES ('t_2024_r_01_e_07', 't_2024_r_01', 'h_005', 'u_jockey_hana', NULL, 'approved', 7, 3, 83.7, TRUE, TRUE, 'ready', FALSE, 'official', 7, '01:43.25', 'Score 0 pts', '', '2024-01-01T00:00:00.000Z') ON CONFLICT ("id") DO UPDATE SET "jockeyUserId"=EXCLUDED."jockeyUserId", "lane"=EXCLUDED."lane", "handicap"=EXCLUDED."handicap", "ratingSnapshot"=EXCLUDED."ratingSnapshot", "ownerConfirmed"=TRUE, "jockeyConfirmed"=TRUE, "preRaceStatus"='ready', "resultStatus"='official', "position"=EXCLUDED."position", "finishTime"=EXCLUDED."finishTime", "notes"=EXCLUDED."notes";
INSERT INTO "raceEntries" ("id", "raceId", "horseId", "jockeyUserId", "invitationId", "status", "lane", "handicap", "ratingSnapshot", "ownerConfirmed", "jockeyConfirmed", "preRaceStatus", "disqualified", "resultStatus", "position", "finishTime", "notes", "violationNotes", "createdAt") VALUES ('t_2024_r_01_e_08', 't_2024_r_01', 'h_002', 'u_jockey_daniel', NULL, 'approved', 8, 4, 84, TRUE, TRUE, 'ready', FALSE, 'official', 8, '01:45.16', 'Score 0 pts', '', '2024-01-01T00:00:00.000Z') ON CONFLICT ("id") DO UPDATE SET "jockeyUserId"=EXCLUDED."jockeyUserId", "lane"=EXCLUDED."lane", "handicap"=EXCLUDED."handicap", "ratingSnapshot"=EXCLUDED."ratingSnapshot", "ownerConfirmed"=TRUE, "jockeyConfirmed"=TRUE, "preRaceStatus"='ready', "resultStatus"='official', "position"=EXCLUDED."position", "finishTime"=EXCLUDED."finishTime", "notes"=EXCLUDED."notes";
INSERT INTO "raceEntries" ("id", "raceId", "horseId", "jockeyUserId", "invitationId", "status", "lane", "handicap", "ratingSnapshot", "ownerConfirmed", "jockeyConfirmed", "preRaceStatus", "disqualified", "resultStatus", "position", "finishTime", "notes", "violationNotes", "createdAt") VALUES ('t_2024_r_01_e_09', 't_2024_r_01', 'h_009', 'u_jockey_sarah', NULL, 'approved', 9, 3, 86, TRUE, TRUE, 'ready', FALSE, 'official', 9, '01:47.37', 'Score 0 pts', '', '2024-01-01T00:00:00.000Z') ON CONFLICT ("id") DO UPDATE SET "jockeyUserId"=EXCLUDED."jockeyUserId", "lane"=EXCLUDED."lane", "handicap"=EXCLUDED."handicap", "ratingSnapshot"=EXCLUDED."ratingSnapshot", "ownerConfirmed"=TRUE, "jockeyConfirmed"=TRUE, "preRaceStatus"='ready', "resultStatus"='official', "position"=EXCLUDED."position", "finishTime"=EXCLUDED."finishTime", "notes"=EXCLUDED."notes";
INSERT INTO "raceEntries" ("id", "raceId", "horseId", "jockeyUserId", "invitationId", "status", "lane", "handicap", "ratingSnapshot", "ownerConfirmed", "jockeyConfirmed", "preRaceStatus", "disqualified", "resultStatus", "position", "finishTime", "notes", "violationNotes", "createdAt") VALUES ('t_2024_r_01_e_10', 't_2024_r_01', 'h_006', 'u_jockey_lucas', NULL, 'approved', 10, 4, 85.7, TRUE, TRUE, 'ready', FALSE, 'official', 10, '01:49.28', 'Score 0 pts', '', '2024-01-01T00:00:00.000Z') ON CONFLICT ("id") DO UPDATE SET "jockeyUserId"=EXCLUDED."jockeyUserId", "lane"=EXCLUDED."lane", "handicap"=EXCLUDED."handicap", "ratingSnapshot"=EXCLUDED."ratingSnapshot", "ownerConfirmed"=TRUE, "jockeyConfirmed"=TRUE, "preRaceStatus"='ready', "resultStatus"='official', "position"=EXCLUDED."position", "finishTime"=EXCLUDED."finishTime", "notes"=EXCLUDED."notes";
INSERT INTO "races" ("id", "tournamentId", "raceNumber", "name", "round", "date", "time", "venue", "distance", "surface", "raceClass", "handicapMin", "handicapMax", "totalPrize", "refereeUserId", "refereeUserIds", "referee", "status", "participants", "ownerConfirmed", "jockeyConfirmed", "registrationPeriodMinutes", "registrationOpensAt", "registrationClosesAt", "resultStatus", "awardsPublished", "createdBy", "createdAt") VALUES ('t_2024_r_02', 't_2024', 'R2', 'Spring Royal Cup R2', 'Qualifier', 'April 04, 2024', '17:00', 'Happy Valley Racecourse', '1400m', 'Turf', 'Class A', 2, 8, 62000, 'u_referee', 'u_referee', 'Olivia Grant', 'completed', 10, 10, 10, 10, '2024-01-01T00:00:00.000Z', '2024-01-01T00:10:00.000Z', 'official', TRUE, 'u_admin', NULL) ON CONFLICT ("id") DO UPDATE SET "status"='completed', "participants"=10, "ownerConfirmed"=10, "jockeyConfirmed"=10, "resultStatus"='official', "awardsPublished"=TRUE;
INSERT INTO "raceEntries" ("id", "raceId", "horseId", "jockeyUserId", "invitationId", "status", "lane", "handicap", "ratingSnapshot", "ownerConfirmed", "jockeyConfirmed", "preRaceStatus", "disqualified", "resultStatus", "position", "finishTime", "notes", "violationNotes", "createdAt") VALUES ('t_2024_r_02_e_01', 't_2024_r_02', 'h_005', 'u_jockey_lucas', NULL, 'approved', 1, 4, 83.7, TRUE, TRUE, 'ready', FALSE, 'official', 1, '01:32.26', 'Score 10 pts', '', '2024-01-01T00:00:00.000Z') ON CONFLICT ("id") DO UPDATE SET "jockeyUserId"=EXCLUDED."jockeyUserId", "lane"=EXCLUDED."lane", "handicap"=EXCLUDED."handicap", "ratingSnapshot"=EXCLUDED."ratingSnapshot", "ownerConfirmed"=TRUE, "jockeyConfirmed"=TRUE, "preRaceStatus"='ready', "resultStatus"='official', "position"=EXCLUDED."position", "finishTime"=EXCLUDED."finishTime", "notes"=EXCLUDED."notes";
INSERT INTO "raceEntries" ("id", "raceId", "horseId", "jockeyUserId", "invitationId", "status", "lane", "handicap", "ratingSnapshot", "ownerConfirmed", "jockeyConfirmed", "preRaceStatus", "disqualified", "resultStatus", "position", "finishTime", "notes", "violationNotes", "createdAt") VALUES ('t_2024_r_02_e_02', 't_2024_r_02', 'h_002', 'u_jockey_amelia', NULL, 'approved', 2, 5, 84, TRUE, TRUE, 'ready', FALSE, 'official', 2, '01:34.17', 'Score 7 pts', '', '2024-01-01T00:00:00.000Z') ON CONFLICT ("id") DO UPDATE SET "jockeyUserId"=EXCLUDED."jockeyUserId", "lane"=EXCLUDED."lane", "handicap"=EXCLUDED."handicap", "ratingSnapshot"=EXCLUDED."ratingSnapshot", "ownerConfirmed"=TRUE, "jockeyConfirmed"=TRUE, "preRaceStatus"='ready', "resultStatus"='official', "position"=EXCLUDED."position", "finishTime"=EXCLUDED."finishTime", "notes"=EXCLUDED."notes";
INSERT INTO "raceEntries" ("id", "raceId", "horseId", "jockeyUserId", "invitationId", "status", "lane", "handicap", "ratingSnapshot", "ownerConfirmed", "jockeyConfirmed", "preRaceStatus", "disqualified", "resultStatus", "position", "finishTime", "notes", "violationNotes", "createdAt") VALUES ('t_2024_r_02_e_03', 't_2024_r_02', 'h_009', 'u_jockey_emily', NULL, 'approved', 3, 4, 86, TRUE, TRUE, 'ready', FALSE, 'official', 3, '01:36.38', 'Score 5 pts', '', '2024-01-01T00:00:00.000Z') ON CONFLICT ("id") DO UPDATE SET "jockeyUserId"=EXCLUDED."jockeyUserId", "lane"=EXCLUDED."lane", "handicap"=EXCLUDED."handicap", "ratingSnapshot"=EXCLUDED."ratingSnapshot", "ownerConfirmed"=TRUE, "jockeyConfirmed"=TRUE, "preRaceStatus"='ready', "resultStatus"='official', "position"=EXCLUDED."position", "finishTime"=EXCLUDED."finishTime", "notes"=EXCLUDED."notes";
INSERT INTO "raceEntries" ("id", "raceId", "horseId", "jockeyUserId", "invitationId", "status", "lane", "handicap", "ratingSnapshot", "ownerConfirmed", "jockeyConfirmed", "preRaceStatus", "disqualified", "resultStatus", "position", "finishTime", "notes", "violationNotes", "createdAt") VALUES ('t_2024_r_02_e_04', 't_2024_r_02', 'h_006', 'u_jockey', NULL, 'approved', 4, 4, 85.7, TRUE, TRUE, 'ready', FALSE, 'official', 4, '01:38.29', 'Score 3 pts', '', '2024-01-01T00:00:00.000Z') ON CONFLICT ("id") DO UPDATE SET "jockeyUserId"=EXCLUDED."jockeyUserId", "lane"=EXCLUDED."lane", "handicap"=EXCLUDED."handicap", "ratingSnapshot"=EXCLUDED."ratingSnapshot", "ownerConfirmed"=TRUE, "jockeyConfirmed"=TRUE, "preRaceStatus"='ready', "resultStatus"='official', "position"=EXCLUDED."position", "finishTime"=EXCLUDED."finishTime", "notes"=EXCLUDED."notes";
INSERT INTO "raceEntries" ("id", "raceId", "horseId", "jockeyUserId", "invitationId", "status", "lane", "handicap", "ratingSnapshot", "ownerConfirmed", "jockeyConfirmed", "preRaceStatus", "disqualified", "resultStatus", "position", "finishTime", "notes", "violationNotes", "createdAt") VALUES ('t_2024_r_02_e_05', 't_2024_r_02', 'h_003', 'u_jockey_ryan', NULL, 'approved', 5, 5, 85.4, TRUE, TRUE, 'ready', FALSE, 'official', 5, '01:40.20', 'Score 2 pts', '', '2024-01-01T00:00:00.000Z') ON CONFLICT ("id") DO UPDATE SET "jockeyUserId"=EXCLUDED."jockeyUserId", "lane"=EXCLUDED."lane", "handicap"=EXCLUDED."handicap", "ratingSnapshot"=EXCLUDED."ratingSnapshot", "ownerConfirmed"=TRUE, "jockeyConfirmed"=TRUE, "preRaceStatus"='ready', "resultStatus"='official', "position"=EXCLUDED."position", "finishTime"=EXCLUDED."finishTime", "notes"=EXCLUDED."notes";
INSERT INTO "raceEntries" ("id", "raceId", "horseId", "jockeyUserId", "invitationId", "status", "lane", "handicap", "ratingSnapshot", "ownerConfirmed", "jockeyConfirmed", "preRaceStatus", "disqualified", "resultStatus", "position", "finishTime", "notes", "violationNotes", "createdAt") VALUES ('t_2024_r_02_e_06', 't_2024_r_02', 'h_010', 'u_jockey_james', NULL, 'approved', 6, 4, 85.8, TRUE, TRUE, 'ready', FALSE, 'official', 6, '01:42.41', 'Score 1 pts', '', '2024-01-01T00:00:00.000Z') ON CONFLICT ("id") DO UPDATE SET "jockeyUserId"=EXCLUDED."jockeyUserId", "lane"=EXCLUDED."lane", "handicap"=EXCLUDED."handicap", "ratingSnapshot"=EXCLUDED."ratingSnapshot", "ownerConfirmed"=TRUE, "jockeyConfirmed"=TRUE, "preRaceStatus"='ready', "resultStatus"='official', "position"=EXCLUDED."position", "finishTime"=EXCLUDED."finishTime", "notes"=EXCLUDED."notes";
INSERT INTO "raceEntries" ("id", "raceId", "horseId", "jockeyUserId", "invitationId", "status", "lane", "handicap", "ratingSnapshot", "ownerConfirmed", "jockeyConfirmed", "preRaceStatus", "disqualified", "resultStatus", "position", "finishTime", "notes", "violationNotes", "createdAt") VALUES ('t_2024_r_02_e_07', 't_2024_r_02', 'h_007', 'u_jockey_pending', NULL, 'approved', 7, 5, 85.5, TRUE, TRUE, 'ready', FALSE, 'official', 7, '01:44.32', 'Score 0 pts', '', '2024-01-01T00:00:00.000Z') ON CONFLICT ("id") DO UPDATE SET "jockeyUserId"=EXCLUDED."jockeyUserId", "lane"=EXCLUDED."lane", "handicap"=EXCLUDED."handicap", "ratingSnapshot"=EXCLUDED."ratingSnapshot", "ownerConfirmed"=TRUE, "jockeyConfirmed"=TRUE, "preRaceStatus"='ready', "resultStatus"='official', "position"=EXCLUDED."position", "finishTime"=EXCLUDED."finishTime", "notes"=EXCLUDED."notes";
INSERT INTO "raceEntries" ("id", "raceId", "horseId", "jockeyUserId", "invitationId", "status", "lane", "handicap", "ratingSnapshot", "ownerConfirmed", "jockeyConfirmed", "preRaceStatus", "disqualified", "resultStatus", "position", "finishTime", "notes", "violationNotes", "createdAt") VALUES ('t_2024_r_02_e_08', 't_2024_r_02', 'h_004', 'u_jockey_hana', NULL, 'approved', 8, 6, 86.9, TRUE, TRUE, 'ready', FALSE, 'official', 8, '01:46.23', 'Score 0 pts', '', '2024-01-01T00:00:00.000Z') ON CONFLICT ("id") DO UPDATE SET "jockeyUserId"=EXCLUDED."jockeyUserId", "lane"=EXCLUDED."lane", "handicap"=EXCLUDED."handicap", "ratingSnapshot"=EXCLUDED."ratingSnapshot", "ownerConfirmed"=TRUE, "jockeyConfirmed"=TRUE, "preRaceStatus"='ready', "resultStatus"='official', "position"=EXCLUDED."position", "finishTime"=EXCLUDED."finishTime", "notes"=EXCLUDED."notes";
INSERT INTO "raceEntries" ("id", "raceId", "horseId", "jockeyUserId", "invitationId", "status", "lane", "handicap", "ratingSnapshot", "ownerConfirmed", "jockeyConfirmed", "preRaceStatus", "disqualified", "resultStatus", "position", "finishTime", "notes", "violationNotes", "createdAt") VALUES ('t_2024_r_02_e_09', 't_2024_r_02', 'h_001', 'u_jockey_daniel', NULL, 'approved', 9, 3, 86.8, TRUE, TRUE, 'ready', FALSE, 'official', 9, '01:48.14', 'Score 0 pts', '', '2024-01-01T00:00:00.000Z') ON CONFLICT ("id") DO UPDATE SET "jockeyUserId"=EXCLUDED."jockeyUserId", "lane"=EXCLUDED."lane", "handicap"=EXCLUDED."handicap", "ratingSnapshot"=EXCLUDED."ratingSnapshot", "ownerConfirmed"=TRUE, "jockeyConfirmed"=TRUE, "preRaceStatus"='ready', "resultStatus"='official', "position"=EXCLUDED."position", "finishTime"=EXCLUDED."finishTime", "notes"=EXCLUDED."notes";
INSERT INTO "raceEntries" ("id", "raceId", "horseId", "jockeyUserId", "invitationId", "status", "lane", "handicap", "ratingSnapshot", "ownerConfirmed", "jockeyConfirmed", "preRaceStatus", "disqualified", "resultStatus", "position", "finishTime", "notes", "violationNotes", "createdAt") VALUES ('t_2024_r_02_e_10', 't_2024_r_02', 'h_008', 'u_jockey_sarah', NULL, 'approved', 10, 6, 84.4, TRUE, TRUE, 'ready', FALSE, 'official', 10, '01:50.35', 'Score 0 pts', '', '2024-01-01T00:00:00.000Z') ON CONFLICT ("id") DO UPDATE SET "jockeyUserId"=EXCLUDED."jockeyUserId", "lane"=EXCLUDED."lane", "handicap"=EXCLUDED."handicap", "ratingSnapshot"=EXCLUDED."ratingSnapshot", "ownerConfirmed"=TRUE, "jockeyConfirmed"=TRUE, "preRaceStatus"='ready', "resultStatus"='official', "position"=EXCLUDED."position", "finishTime"=EXCLUDED."finishTime", "notes"=EXCLUDED."notes";
INSERT INTO "races" ("id", "tournamentId", "raceNumber", "name", "round", "date", "time", "venue", "distance", "surface", "raceClass", "handicapMin", "handicapMax", "totalPrize", "refereeUserId", "refereeUserIds", "referee", "status", "participants", "ownerConfirmed", "jockeyConfirmed", "registrationPeriodMinutes", "registrationOpensAt", "registrationClosesAt", "resultStatus", "awardsPublished", "createdBy", "createdAt") VALUES ('t_2024_r_03', 't_2024', 'R3', 'Spring Royal Cup R3', 'Qualifier', 'April 06, 2024', '15:30', 'Happy Valley Racecourse', '1500m', 'Dirt', 'Class A', 3, 9, 62000, 'u_referee', 'u_referee', 'Olivia Grant', 'completed', 10, 10, 10, 10, '2024-01-01T00:00:00.000Z', '2024-01-01T00:10:00.000Z', 'official', TRUE, 'u_admin', NULL) ON CONFLICT ("id") DO UPDATE SET "status"='completed', "participants"=10, "ownerConfirmed"=10, "jockeyConfirmed"=10, "resultStatus"='official', "awardsPublished"=TRUE;
INSERT INTO "raceEntries" ("id", "raceId", "horseId", "jockeyUserId", "invitationId", "status", "lane", "handicap", "ratingSnapshot", "ownerConfirmed", "jockeyConfirmed", "preRaceStatus", "disqualified", "resultStatus", "position", "finishTime", "notes", "violationNotes", "createdAt") VALUES ('t_2024_r_03_e_01', 't_2024_r_03', 'h_007', 'u_jockey_sarah', NULL, 'approved', 1, 6, 85.5, TRUE, TRUE, 'ready', FALSE, 'official', 1, '01:33.33', 'Score 10 pts', '', '2024-01-01T00:00:00.000Z') ON CONFLICT ("id") DO UPDATE SET "jockeyUserId"=EXCLUDED."jockeyUserId", "lane"=EXCLUDED."lane", "handicap"=EXCLUDED."handicap", "ratingSnapshot"=EXCLUDED."ratingSnapshot", "ownerConfirmed"=TRUE, "jockeyConfirmed"=TRUE, "preRaceStatus"='ready', "resultStatus"='official', "position"=EXCLUDED."position", "finishTime"=EXCLUDED."finishTime", "notes"=EXCLUDED."notes";
INSERT INTO "raceEntries" ("id", "raceId", "horseId", "jockeyUserId", "invitationId", "status", "lane", "handicap", "ratingSnapshot", "ownerConfirmed", "jockeyConfirmed", "preRaceStatus", "disqualified", "resultStatus", "position", "finishTime", "notes", "violationNotes", "createdAt") VALUES ('t_2024_r_03_e_02', 't_2024_r_03', 'h_004', 'u_jockey_lucas', NULL, 'approved', 2, 7, 86.9, TRUE, TRUE, 'ready', FALSE, 'official', 2, '01:35.24', 'Score 7 pts', '', '2024-01-01T00:00:00.000Z') ON CONFLICT ("id") DO UPDATE SET "jockeyUserId"=EXCLUDED."jockeyUserId", "lane"=EXCLUDED."lane", "handicap"=EXCLUDED."handicap", "ratingSnapshot"=EXCLUDED."ratingSnapshot", "ownerConfirmed"=TRUE, "jockeyConfirmed"=TRUE, "preRaceStatus"='ready', "resultStatus"='official', "position"=EXCLUDED."position", "finishTime"=EXCLUDED."finishTime", "notes"=EXCLUDED."notes";
INSERT INTO "raceEntries" ("id", "raceId", "horseId", "jockeyUserId", "invitationId", "status", "lane", "handicap", "ratingSnapshot", "ownerConfirmed", "jockeyConfirmed", "preRaceStatus", "disqualified", "resultStatus", "position", "finishTime", "notes", "violationNotes", "createdAt") VALUES ('t_2024_r_03_e_03', 't_2024_r_03', 'h_001', 'u_jockey_amelia', NULL, 'approved', 3, 4, 86.8, TRUE, TRUE, 'ready', FALSE, 'official', 3, '01:37.15', 'Score 5 pts', '', '2024-01-01T00:00:00.000Z') ON CONFLICT ("id") DO UPDATE SET "jockeyUserId"=EXCLUDED."jockeyUserId", "lane"=EXCLUDED."lane", "handicap"=EXCLUDED."handicap", "ratingSnapshot"=EXCLUDED."ratingSnapshot", "ownerConfirmed"=TRUE, "jockeyConfirmed"=TRUE, "preRaceStatus"='ready', "resultStatus"='official', "position"=EXCLUDED."position", "finishTime"=EXCLUDED."finishTime", "notes"=EXCLUDED."notes";
INSERT INTO "raceEntries" ("id", "raceId", "horseId", "jockeyUserId", "invitationId", "status", "lane", "handicap", "ratingSnapshot", "ownerConfirmed", "jockeyConfirmed", "preRaceStatus", "disqualified", "resultStatus", "position", "finishTime", "notes", "violationNotes", "createdAt") VALUES ('t_2024_r_03_e_04', 't_2024_r_03', 'h_008', 'u_jockey_emily', NULL, 'approved', 4, 6, 84.4, TRUE, TRUE, 'ready', FALSE, 'official', 4, '01:39.36', 'Score 3 pts', '', '2024-01-01T00:00:00.000Z') ON CONFLICT ("id") DO UPDATE SET "jockeyUserId"=EXCLUDED."jockeyUserId", "lane"=EXCLUDED."lane", "handicap"=EXCLUDED."handicap", "ratingSnapshot"=EXCLUDED."ratingSnapshot", "ownerConfirmed"=TRUE, "jockeyConfirmed"=TRUE, "preRaceStatus"='ready', "resultStatus"='official', "position"=EXCLUDED."position", "finishTime"=EXCLUDED."finishTime", "notes"=EXCLUDED."notes";
INSERT INTO "raceEntries" ("id", "raceId", "horseId", "jockeyUserId", "invitationId", "status", "lane", "handicap", "ratingSnapshot", "ownerConfirmed", "jockeyConfirmed", "preRaceStatus", "disqualified", "resultStatus", "position", "finishTime", "notes", "violationNotes", "createdAt") VALUES ('t_2024_r_03_e_05', 't_2024_r_03', 'h_005', 'u_jockey', NULL, 'approved', 5, 3, 83.7, TRUE, TRUE, 'ready', FALSE, 'official', 5, '01:41.27', 'Score 2 pts', '', '2024-01-01T00:00:00.000Z') ON CONFLICT ("id") DO UPDATE SET "jockeyUserId"=EXCLUDED."jockeyUserId", "lane"=EXCLUDED."lane", "handicap"=EXCLUDED."handicap", "ratingSnapshot"=EXCLUDED."ratingSnapshot", "ownerConfirmed"=TRUE, "jockeyConfirmed"=TRUE, "preRaceStatus"='ready', "resultStatus"='official', "position"=EXCLUDED."position", "finishTime"=EXCLUDED."finishTime", "notes"=EXCLUDED."notes";
INSERT INTO "raceEntries" ("id", "raceId", "horseId", "jockeyUserId", "invitationId", "status", "lane", "handicap", "ratingSnapshot", "ownerConfirmed", "jockeyConfirmed", "preRaceStatus", "disqualified", "resultStatus", "position", "finishTime", "notes", "violationNotes", "createdAt") VALUES ('t_2024_r_03_e_06', 't_2024_r_03', 'h_002', 'u_jockey_ryan', NULL, 'approved', 6, 4, 84, TRUE, TRUE, 'ready', FALSE, 'official', 6, '01:43.18', 'Score 1 pts', '', '2024-01-01T00:00:00.000Z') ON CONFLICT ("id") DO UPDATE SET "jockeyUserId"=EXCLUDED."jockeyUserId", "lane"=EXCLUDED."lane", "handicap"=EXCLUDED."handicap", "ratingSnapshot"=EXCLUDED."ratingSnapshot", "ownerConfirmed"=TRUE, "jockeyConfirmed"=TRUE, "preRaceStatus"='ready', "resultStatus"='official', "position"=EXCLUDED."position", "finishTime"=EXCLUDED."finishTime", "notes"=EXCLUDED."notes";
INSERT INTO "raceEntries" ("id", "raceId", "horseId", "jockeyUserId", "invitationId", "status", "lane", "handicap", "ratingSnapshot", "ownerConfirmed", "jockeyConfirmed", "preRaceStatus", "disqualified", "resultStatus", "position", "finishTime", "notes", "violationNotes", "createdAt") VALUES ('t_2024_r_03_e_07', 't_2024_r_03', 'h_009', 'u_jockey_james', NULL, 'approved', 7, 3, 86, TRUE, TRUE, 'ready', FALSE, 'official', 7, '01:45.39', 'Score 0 pts', '', '2024-01-01T00:00:00.000Z') ON CONFLICT ("id") DO UPDATE SET "jockeyUserId"=EXCLUDED."jockeyUserId", "lane"=EXCLUDED."lane", "handicap"=EXCLUDED."handicap", "ratingSnapshot"=EXCLUDED."ratingSnapshot", "ownerConfirmed"=TRUE, "jockeyConfirmed"=TRUE, "preRaceStatus"='ready', "resultStatus"='official', "position"=EXCLUDED."position", "finishTime"=EXCLUDED."finishTime", "notes"=EXCLUDED."notes";
INSERT INTO "raceEntries" ("id", "raceId", "horseId", "jockeyUserId", "invitationId", "status", "lane", "handicap", "ratingSnapshot", "ownerConfirmed", "jockeyConfirmed", "preRaceStatus", "disqualified", "resultStatus", "position", "finishTime", "notes", "violationNotes", "createdAt") VALUES ('t_2024_r_03_e_08', 't_2024_r_03', 'h_006', 'u_jockey_pending', NULL, 'approved', 8, 4, 85.7, TRUE, TRUE, 'ready', FALSE, 'official', 8, '01:47.30', 'Score 0 pts', '', '2024-01-01T00:00:00.000Z') ON CONFLICT ("id") DO UPDATE SET "jockeyUserId"=EXCLUDED."jockeyUserId", "lane"=EXCLUDED."lane", "handicap"=EXCLUDED."handicap", "ratingSnapshot"=EXCLUDED."ratingSnapshot", "ownerConfirmed"=TRUE, "jockeyConfirmed"=TRUE, "preRaceStatus"='ready', "resultStatus"='official', "position"=EXCLUDED."position", "finishTime"=EXCLUDED."finishTime", "notes"=EXCLUDED."notes";
INSERT INTO "raceEntries" ("id", "raceId", "horseId", "jockeyUserId", "invitationId", "status", "lane", "handicap", "ratingSnapshot", "ownerConfirmed", "jockeyConfirmed", "preRaceStatus", "disqualified", "resultStatus", "position", "finishTime", "notes", "violationNotes", "createdAt") VALUES ('t_2024_r_03_e_09', 't_2024_r_03', 'h_003', 'u_jockey_hana', NULL, 'approved', 9, 5, 85.4, TRUE, TRUE, 'ready', FALSE, 'official', 9, '01:49.21', 'Score 0 pts', '', '2024-01-01T00:00:00.000Z') ON CONFLICT ("id") DO UPDATE SET "jockeyUserId"=EXCLUDED."jockeyUserId", "lane"=EXCLUDED."lane", "handicap"=EXCLUDED."handicap", "ratingSnapshot"=EXCLUDED."ratingSnapshot", "ownerConfirmed"=TRUE, "jockeyConfirmed"=TRUE, "preRaceStatus"='ready', "resultStatus"='official', "position"=EXCLUDED."position", "finishTime"=EXCLUDED."finishTime", "notes"=EXCLUDED."notes";
INSERT INTO "raceEntries" ("id", "raceId", "horseId", "jockeyUserId", "invitationId", "status", "lane", "handicap", "ratingSnapshot", "ownerConfirmed", "jockeyConfirmed", "preRaceStatus", "disqualified", "resultStatus", "position", "finishTime", "notes", "violationNotes", "createdAt") VALUES ('t_2024_r_03_e_10', 't_2024_r_03', 'h_010', 'u_jockey_daniel', NULL, 'approved', 10, 4, 85.8, TRUE, TRUE, 'ready', FALSE, 'official', 10, '01:51.42', 'Score 0 pts', '', '2024-01-01T00:00:00.000Z') ON CONFLICT ("id") DO UPDATE SET "jockeyUserId"=EXCLUDED."jockeyUserId", "lane"=EXCLUDED."lane", "handicap"=EXCLUDED."handicap", "ratingSnapshot"=EXCLUDED."ratingSnapshot", "ownerConfirmed"=TRUE, "jockeyConfirmed"=TRUE, "preRaceStatus"='ready', "resultStatus"='official', "position"=EXCLUDED."position", "finishTime"=EXCLUDED."finishTime", "notes"=EXCLUDED."notes";
INSERT INTO "races" ("id", "tournamentId", "raceNumber", "name", "round", "date", "time", "venue", "distance", "surface", "raceClass", "handicapMin", "handicapMax", "totalPrize", "refereeUserId", "refereeUserIds", "referee", "status", "participants", "ownerConfirmed", "jockeyConfirmed", "registrationPeriodMinutes", "registrationOpensAt", "registrationClosesAt", "resultStatus", "awardsPublished", "createdBy", "createdAt") VALUES ('t_2024_r_04', 't_2024', 'R4', 'Spring Royal Cup R4', 'Qualifier', 'April 08, 2024', '16:00', 'Happy Valley Racecourse', '1600m', 'Turf', 'Class A', 0, 10, 62000, 'u_referee', 'u_referee', 'Olivia Grant', 'completed', 10, 10, 10, 10, '2024-01-01T00:00:00.000Z', '2024-01-01T00:10:00.000Z', 'official', TRUE, 'u_admin', NULL) ON CONFLICT ("id") DO UPDATE SET "status"='completed', "participants"=10, "ownerConfirmed"=10, "jockeyConfirmed"=10, "resultStatus"='official', "awardsPublished"=TRUE;
INSERT INTO "raceEntries" ("id", "raceId", "horseId", "jockeyUserId", "invitationId", "status", "lane", "handicap", "ratingSnapshot", "ownerConfirmed", "jockeyConfirmed", "preRaceStatus", "disqualified", "resultStatus", "position", "finishTime", "notes", "violationNotes", "createdAt") VALUES ('t_2024_r_04_e_01', 't_2024_r_04', 'h_009', 'u_jockey_daniel', NULL, 'approved', 1, 4, 86, TRUE, TRUE, 'ready', FALSE, 'official', 1, '01:34.40', 'Score 10 pts', '', '2024-01-01T00:00:00.000Z') ON CONFLICT ("id") DO UPDATE SET "jockeyUserId"=EXCLUDED."jockeyUserId", "lane"=EXCLUDED."lane", "handicap"=EXCLUDED."handicap", "ratingSnapshot"=EXCLUDED."ratingSnapshot", "ownerConfirmed"=TRUE, "jockeyConfirmed"=TRUE, "preRaceStatus"='ready', "resultStatus"='official', "position"=EXCLUDED."position", "finishTime"=EXCLUDED."finishTime", "notes"=EXCLUDED."notes";
INSERT INTO "raceEntries" ("id", "raceId", "horseId", "jockeyUserId", "invitationId", "status", "lane", "handicap", "ratingSnapshot", "ownerConfirmed", "jockeyConfirmed", "preRaceStatus", "disqualified", "resultStatus", "position", "finishTime", "notes", "violationNotes", "createdAt") VALUES ('t_2024_r_04_e_02', 't_2024_r_04', 'h_006', 'u_jockey_sarah', NULL, 'approved', 2, 5, 85.7, TRUE, TRUE, 'ready', FALSE, 'official', 2, '01:36.31', 'Score 7 pts', '', '2024-01-01T00:00:00.000Z') ON CONFLICT ("id") DO UPDATE SET "jockeyUserId"=EXCLUDED."jockeyUserId", "lane"=EXCLUDED."lane", "handicap"=EXCLUDED."handicap", "ratingSnapshot"=EXCLUDED."ratingSnapshot", "ownerConfirmed"=TRUE, "jockeyConfirmed"=TRUE, "preRaceStatus"='ready', "resultStatus"='official', "position"=EXCLUDED."position", "finishTime"=EXCLUDED."finishTime", "notes"=EXCLUDED."notes";
INSERT INTO "raceEntries" ("id", "raceId", "horseId", "jockeyUserId", "invitationId", "status", "lane", "handicap", "ratingSnapshot", "ownerConfirmed", "jockeyConfirmed", "preRaceStatus", "disqualified", "resultStatus", "position", "finishTime", "notes", "violationNotes", "createdAt") VALUES ('t_2024_r_04_e_03', 't_2024_r_04', 'h_003', 'u_jockey_lucas', NULL, 'approved', 3, 6, 85.4, TRUE, TRUE, 'ready', FALSE, 'official', 3, '01:38.22', 'Score 5 pts', '', '2024-01-01T00:00:00.000Z') ON CONFLICT ("id") DO UPDATE SET "jockeyUserId"=EXCLUDED."jockeyUserId", "lane"=EXCLUDED."lane", "handicap"=EXCLUDED."handicap", "ratingSnapshot"=EXCLUDED."ratingSnapshot", "ownerConfirmed"=TRUE, "jockeyConfirmed"=TRUE, "preRaceStatus"='ready', "resultStatus"='official', "position"=EXCLUDED."position", "finishTime"=EXCLUDED."finishTime", "notes"=EXCLUDED."notes";
INSERT INTO "raceEntries" ("id", "raceId", "horseId", "jockeyUserId", "invitationId", "status", "lane", "handicap", "ratingSnapshot", "ownerConfirmed", "jockeyConfirmed", "preRaceStatus", "disqualified", "resultStatus", "position", "finishTime", "notes", "violationNotes", "createdAt") VALUES ('t_2024_r_04_e_04', 't_2024_r_04', 'h_010', 'u_jockey_amelia', NULL, 'approved', 4, 4, 85.8, TRUE, TRUE, 'ready', FALSE, 'official', 4, '01:40.43', 'Score 3 pts', '', '2024-01-01T00:00:00.000Z') ON CONFLICT ("id") DO UPDATE SET "jockeyUserId"=EXCLUDED."jockeyUserId", "lane"=EXCLUDED."lane", "handicap"=EXCLUDED."handicap", "ratingSnapshot"=EXCLUDED."ratingSnapshot", "ownerConfirmed"=TRUE, "jockeyConfirmed"=TRUE, "preRaceStatus"='ready', "resultStatus"='official', "position"=EXCLUDED."position", "finishTime"=EXCLUDED."finishTime", "notes"=EXCLUDED."notes";
INSERT INTO "raceEntries" ("id", "raceId", "horseId", "jockeyUserId", "invitationId", "status", "lane", "handicap", "ratingSnapshot", "ownerConfirmed", "jockeyConfirmed", "preRaceStatus", "disqualified", "resultStatus", "position", "finishTime", "notes", "violationNotes", "createdAt") VALUES ('t_2024_r_04_e_05', 't_2024_r_04', 'h_007', 'u_jockey_emily', NULL, 'approved', 5, 5, 85.5, TRUE, TRUE, 'ready', FALSE, 'official', 5, '01:42.34', 'Score 2 pts', '', '2024-01-01T00:00:00.000Z') ON CONFLICT ("id") DO UPDATE SET "jockeyUserId"=EXCLUDED."jockeyUserId", "lane"=EXCLUDED."lane", "handicap"=EXCLUDED."handicap", "ratingSnapshot"=EXCLUDED."ratingSnapshot", "ownerConfirmed"=TRUE, "jockeyConfirmed"=TRUE, "preRaceStatus"='ready', "resultStatus"='official', "position"=EXCLUDED."position", "finishTime"=EXCLUDED."finishTime", "notes"=EXCLUDED."notes";
INSERT INTO "raceEntries" ("id", "raceId", "horseId", "jockeyUserId", "invitationId", "status", "lane", "handicap", "ratingSnapshot", "ownerConfirmed", "jockeyConfirmed", "preRaceStatus", "disqualified", "resultStatus", "position", "finishTime", "notes", "violationNotes", "createdAt") VALUES ('t_2024_r_04_e_06', 't_2024_r_04', 'h_004', 'u_jockey', NULL, 'approved', 6, 6, 86.9, TRUE, TRUE, 'ready', FALSE, 'official', 6, '01:44.25', 'Score 1 pts', '', '2024-01-01T00:00:00.000Z') ON CONFLICT ("id") DO UPDATE SET "jockeyUserId"=EXCLUDED."jockeyUserId", "lane"=EXCLUDED."lane", "handicap"=EXCLUDED."handicap", "ratingSnapshot"=EXCLUDED."ratingSnapshot", "ownerConfirmed"=TRUE, "jockeyConfirmed"=TRUE, "preRaceStatus"='ready', "resultStatus"='official', "position"=EXCLUDED."position", "finishTime"=EXCLUDED."finishTime", "notes"=EXCLUDED."notes";
INSERT INTO "raceEntries" ("id", "raceId", "horseId", "jockeyUserId", "invitationId", "status", "lane", "handicap", "ratingSnapshot", "ownerConfirmed", "jockeyConfirmed", "preRaceStatus", "disqualified", "resultStatus", "position", "finishTime", "notes", "violationNotes", "createdAt") VALUES ('t_2024_r_04_e_07', 't_2024_r_04', 'h_001', 'u_jockey_ryan', NULL, 'approved', 7, 3, 86.8, TRUE, TRUE, 'ready', FALSE, 'official', 7, '01:46.16', 'Score 0 pts', '', '2024-01-01T00:00:00.000Z') ON CONFLICT ("id") DO UPDATE SET "jockeyUserId"=EXCLUDED."jockeyUserId", "lane"=EXCLUDED."lane", "handicap"=EXCLUDED."handicap", "ratingSnapshot"=EXCLUDED."ratingSnapshot", "ownerConfirmed"=TRUE, "jockeyConfirmed"=TRUE, "preRaceStatus"='ready', "resultStatus"='official', "position"=EXCLUDED."position", "finishTime"=EXCLUDED."finishTime", "notes"=EXCLUDED."notes";
INSERT INTO "raceEntries" ("id", "raceId", "horseId", "jockeyUserId", "invitationId", "status", "lane", "handicap", "ratingSnapshot", "ownerConfirmed", "jockeyConfirmed", "preRaceStatus", "disqualified", "resultStatus", "position", "finishTime", "notes", "violationNotes", "createdAt") VALUES ('t_2024_r_04_e_08', 't_2024_r_04', 'h_008', 'u_jockey_james', NULL, 'approved', 8, 6, 84.4, TRUE, TRUE, 'ready', FALSE, 'official', 8, '01:48.37', 'Score 0 pts', '', '2024-01-01T00:00:00.000Z') ON CONFLICT ("id") DO UPDATE SET "jockeyUserId"=EXCLUDED."jockeyUserId", "lane"=EXCLUDED."lane", "handicap"=EXCLUDED."handicap", "ratingSnapshot"=EXCLUDED."ratingSnapshot", "ownerConfirmed"=TRUE, "jockeyConfirmed"=TRUE, "preRaceStatus"='ready', "resultStatus"='official', "position"=EXCLUDED."position", "finishTime"=EXCLUDED."finishTime", "notes"=EXCLUDED."notes";
INSERT INTO "raceEntries" ("id", "raceId", "horseId", "jockeyUserId", "invitationId", "status", "lane", "handicap", "ratingSnapshot", "ownerConfirmed", "jockeyConfirmed", "preRaceStatus", "disqualified", "resultStatus", "position", "finishTime", "notes", "violationNotes", "createdAt") VALUES ('t_2024_r_04_e_09', 't_2024_r_04', 'h_005', 'u_jockey_pending', NULL, 'approved', 9, 3, 83.7, TRUE, TRUE, 'ready', FALSE, 'official', 9, '01:50.28', 'Score 0 pts', '', '2024-01-01T00:00:00.000Z') ON CONFLICT ("id") DO UPDATE SET "jockeyUserId"=EXCLUDED."jockeyUserId", "lane"=EXCLUDED."lane", "handicap"=EXCLUDED."handicap", "ratingSnapshot"=EXCLUDED."ratingSnapshot", "ownerConfirmed"=TRUE, "jockeyConfirmed"=TRUE, "preRaceStatus"='ready', "resultStatus"='official', "position"=EXCLUDED."position", "finishTime"=EXCLUDED."finishTime", "notes"=EXCLUDED."notes";
INSERT INTO "raceEntries" ("id", "raceId", "horseId", "jockeyUserId", "invitationId", "status", "lane", "handicap", "ratingSnapshot", "ownerConfirmed", "jockeyConfirmed", "preRaceStatus", "disqualified", "resultStatus", "position", "finishTime", "notes", "violationNotes", "createdAt") VALUES ('t_2024_r_04_e_10', 't_2024_r_04', 'h_002', 'u_jockey_hana', NULL, 'approved', 10, 4, 84, TRUE, TRUE, 'ready', FALSE, 'official', 10, '01:52.19', 'Score 0 pts', '', '2024-01-01T00:00:00.000Z') ON CONFLICT ("id") DO UPDATE SET "jockeyUserId"=EXCLUDED."jockeyUserId", "lane"=EXCLUDED."lane", "handicap"=EXCLUDED."handicap", "ratingSnapshot"=EXCLUDED."ratingSnapshot", "ownerConfirmed"=TRUE, "jockeyConfirmed"=TRUE, "preRaceStatus"='ready', "resultStatus"='official', "position"=EXCLUDED."position", "finishTime"=EXCLUDED."finishTime", "notes"=EXCLUDED."notes";
INSERT INTO "races" ("id", "tournamentId", "raceNumber", "name", "round", "date", "time", "venue", "distance", "surface", "raceClass", "handicapMin", "handicapMax", "totalPrize", "refereeUserId", "refereeUserIds", "referee", "status", "participants", "ownerConfirmed", "jockeyConfirmed", "registrationPeriodMinutes", "registrationOpensAt", "registrationClosesAt", "resultStatus", "awardsPublished", "createdBy", "createdAt") VALUES ('t_2024_r_05', 't_2024', 'R5', 'Spring Royal Cup R5', 'Qualifier', 'April 010, 2024', '17:30', 'Happy Valley Racecourse', '1700m', 'Turf', 'Class A', 1, 6, 62000, 'u_referee', 'u_referee', 'Olivia Grant', 'completed', 10, 10, 10, 10, '2024-01-01T00:00:00.000Z', '2024-01-01T00:10:00.000Z', 'official', TRUE, 'u_admin', NULL) ON CONFLICT ("id") DO UPDATE SET "status"='completed', "participants"=10, "ownerConfirmed"=10, "jockeyConfirmed"=10, "resultStatus"='official', "awardsPublished"=TRUE;
INSERT INTO "raceEntries" ("id", "raceId", "horseId", "jockeyUserId", "invitationId", "status", "lane", "handicap", "ratingSnapshot", "ownerConfirmed", "jockeyConfirmed", "preRaceStatus", "disqualified", "resultStatus", "position", "finishTime", "notes", "violationNotes", "createdAt") VALUES ('t_2024_r_05_e_01', 't_2024_r_05', 'h_001', 'u_jockey_hana', NULL, 'approved', 1, 4, 86.8, TRUE, TRUE, 'ready', FALSE, 'official', 1, '01:35.17', 'Score 10 pts', '', '2024-01-01T00:00:00.000Z') ON CONFLICT ("id") DO UPDATE SET "jockeyUserId"=EXCLUDED."jockeyUserId", "lane"=EXCLUDED."lane", "handicap"=EXCLUDED."handicap", "ratingSnapshot"=EXCLUDED."ratingSnapshot", "ownerConfirmed"=TRUE, "jockeyConfirmed"=TRUE, "preRaceStatus"='ready', "resultStatus"='official', "position"=EXCLUDED."position", "finishTime"=EXCLUDED."finishTime", "notes"=EXCLUDED."notes";
INSERT INTO "raceEntries" ("id", "raceId", "horseId", "jockeyUserId", "invitationId", "status", "lane", "handicap", "ratingSnapshot", "ownerConfirmed", "jockeyConfirmed", "preRaceStatus", "disqualified", "resultStatus", "position", "finishTime", "notes", "violationNotes", "createdAt") VALUES ('t_2024_r_05_e_02', 't_2024_r_05', 'h_008', 'u_jockey_daniel', NULL, 'approved', 2, 7, 84.4, TRUE, TRUE, 'ready', FALSE, 'official', 2, '01:37.38', 'Score 7 pts', '', '2024-01-01T00:00:00.000Z') ON CONFLICT ("id") DO UPDATE SET "jockeyUserId"=EXCLUDED."jockeyUserId", "lane"=EXCLUDED."lane", "handicap"=EXCLUDED."handicap", "ratingSnapshot"=EXCLUDED."ratingSnapshot", "ownerConfirmed"=TRUE, "jockeyConfirmed"=TRUE, "preRaceStatus"='ready', "resultStatus"='official', "position"=EXCLUDED."position", "finishTime"=EXCLUDED."finishTime", "notes"=EXCLUDED."notes";
INSERT INTO "raceEntries" ("id", "raceId", "horseId", "jockeyUserId", "invitationId", "status", "lane", "handicap", "ratingSnapshot", "ownerConfirmed", "jockeyConfirmed", "preRaceStatus", "disqualified", "resultStatus", "position", "finishTime", "notes", "violationNotes", "createdAt") VALUES ('t_2024_r_05_e_03', 't_2024_r_05', 'h_005', 'u_jockey_sarah', NULL, 'approved', 3, 4, 83.7, TRUE, TRUE, 'ready', FALSE, 'official', 3, '01:39.29', 'Score 5 pts', '', '2024-01-01T00:00:00.000Z') ON CONFLICT ("id") DO UPDATE SET "jockeyUserId"=EXCLUDED."jockeyUserId", "lane"=EXCLUDED."lane", "handicap"=EXCLUDED."handicap", "ratingSnapshot"=EXCLUDED."ratingSnapshot", "ownerConfirmed"=TRUE, "jockeyConfirmed"=TRUE, "preRaceStatus"='ready', "resultStatus"='official', "position"=EXCLUDED."position", "finishTime"=EXCLUDED."finishTime", "notes"=EXCLUDED."notes";
INSERT INTO "raceEntries" ("id", "raceId", "horseId", "jockeyUserId", "invitationId", "status", "lane", "handicap", "ratingSnapshot", "ownerConfirmed", "jockeyConfirmed", "preRaceStatus", "disqualified", "resultStatus", "position", "finishTime", "notes", "violationNotes", "createdAt") VALUES ('t_2024_r_05_e_04', 't_2024_r_05', 'h_002', 'u_jockey_lucas', NULL, 'approved', 4, 4, 84, TRUE, TRUE, 'ready', FALSE, 'official', 4, '01:41.20', 'Score 3 pts', '', '2024-01-01T00:00:00.000Z') ON CONFLICT ("id") DO UPDATE SET "jockeyUserId"=EXCLUDED."jockeyUserId", "lane"=EXCLUDED."lane", "handicap"=EXCLUDED."handicap", "ratingSnapshot"=EXCLUDED."ratingSnapshot", "ownerConfirmed"=TRUE, "jockeyConfirmed"=TRUE, "preRaceStatus"='ready', "resultStatus"='official', "position"=EXCLUDED."position", "finishTime"=EXCLUDED."finishTime", "notes"=EXCLUDED."notes";
INSERT INTO "raceEntries" ("id", "raceId", "horseId", "jockeyUserId", "invitationId", "status", "lane", "handicap", "ratingSnapshot", "ownerConfirmed", "jockeyConfirmed", "preRaceStatus", "disqualified", "resultStatus", "position", "finishTime", "notes", "violationNotes", "createdAt") VALUES ('t_2024_r_05_e_05', 't_2024_r_05', 'h_009', 'u_jockey_amelia', NULL, 'approved', 5, 3, 86, TRUE, TRUE, 'ready', FALSE, 'official', 5, '01:43.41', 'Score 2 pts', '', '2024-01-01T00:00:00.000Z') ON CONFLICT ("id") DO UPDATE SET "jockeyUserId"=EXCLUDED."jockeyUserId", "lane"=EXCLUDED."lane", "handicap"=EXCLUDED."handicap", "ratingSnapshot"=EXCLUDED."ratingSnapshot", "ownerConfirmed"=TRUE, "jockeyConfirmed"=TRUE, "preRaceStatus"='ready', "resultStatus"='official', "position"=EXCLUDED."position", "finishTime"=EXCLUDED."finishTime", "notes"=EXCLUDED."notes";
INSERT INTO "raceEntries" ("id", "raceId", "horseId", "jockeyUserId", "invitationId", "status", "lane", "handicap", "ratingSnapshot", "ownerConfirmed", "jockeyConfirmed", "preRaceStatus", "disqualified", "resultStatus", "position", "finishTime", "notes", "violationNotes", "createdAt") VALUES ('t_2024_r_05_e_06', 't_2024_r_05', 'h_006', 'u_jockey_emily', NULL, 'approved', 6, 4, 85.7, TRUE, TRUE, 'ready', FALSE, 'official', 6, '01:45.32', 'Score 1 pts', '', '2024-01-01T00:00:00.000Z') ON CONFLICT ("id") DO UPDATE SET "jockeyUserId"=EXCLUDED."jockeyUserId", "lane"=EXCLUDED."lane", "handicap"=EXCLUDED."handicap", "ratingSnapshot"=EXCLUDED."ratingSnapshot", "ownerConfirmed"=TRUE, "jockeyConfirmed"=TRUE, "preRaceStatus"='ready', "resultStatus"='official', "position"=EXCLUDED."position", "finishTime"=EXCLUDED."finishTime", "notes"=EXCLUDED."notes";
INSERT INTO "raceEntries" ("id", "raceId", "horseId", "jockeyUserId", "invitationId", "status", "lane", "handicap", "ratingSnapshot", "ownerConfirmed", "jockeyConfirmed", "preRaceStatus", "disqualified", "resultStatus", "position", "finishTime", "notes", "violationNotes", "createdAt") VALUES ('t_2024_r_05_e_07', 't_2024_r_05', 'h_003', 'u_jockey', NULL, 'approved', 7, 5, 85.4, TRUE, TRUE, 'ready', FALSE, 'official', 7, '01:47.23', 'Score 0 pts', '', '2024-01-01T00:00:00.000Z') ON CONFLICT ("id") DO UPDATE SET "jockeyUserId"=EXCLUDED."jockeyUserId", "lane"=EXCLUDED."lane", "handicap"=EXCLUDED."handicap", "ratingSnapshot"=EXCLUDED."ratingSnapshot", "ownerConfirmed"=TRUE, "jockeyConfirmed"=TRUE, "preRaceStatus"='ready', "resultStatus"='official', "position"=EXCLUDED."position", "finishTime"=EXCLUDED."finishTime", "notes"=EXCLUDED."notes";
INSERT INTO "raceEntries" ("id", "raceId", "horseId", "jockeyUserId", "invitationId", "status", "lane", "handicap", "ratingSnapshot", "ownerConfirmed", "jockeyConfirmed", "preRaceStatus", "disqualified", "resultStatus", "position", "finishTime", "notes", "violationNotes", "createdAt") VALUES ('t_2024_r_05_e_08', 't_2024_r_05', 'h_010', 'u_jockey_ryan', NULL, 'approved', 8, 4, 85.8, TRUE, TRUE, 'ready', FALSE, 'official', 8, '01:49.44', 'Score 0 pts', '', '2024-01-01T00:00:00.000Z') ON CONFLICT ("id") DO UPDATE SET "jockeyUserId"=EXCLUDED."jockeyUserId", "lane"=EXCLUDED."lane", "handicap"=EXCLUDED."handicap", "ratingSnapshot"=EXCLUDED."ratingSnapshot", "ownerConfirmed"=TRUE, "jockeyConfirmed"=TRUE, "preRaceStatus"='ready', "resultStatus"='official', "position"=EXCLUDED."position", "finishTime"=EXCLUDED."finishTime", "notes"=EXCLUDED."notes";
INSERT INTO "raceEntries" ("id", "raceId", "horseId", "jockeyUserId", "invitationId", "status", "lane", "handicap", "ratingSnapshot", "ownerConfirmed", "jockeyConfirmed", "preRaceStatus", "disqualified", "resultStatus", "position", "finishTime", "notes", "violationNotes", "createdAt") VALUES ('t_2024_r_05_e_09', 't_2024_r_05', 'h_007', 'u_jockey_james', NULL, 'approved', 9, 5, 85.5, TRUE, TRUE, 'ready', FALSE, 'official', 9, '01:51.35', 'Score 0 pts', '', '2024-01-01T00:00:00.000Z') ON CONFLICT ("id") DO UPDATE SET "jockeyUserId"=EXCLUDED."jockeyUserId", "lane"=EXCLUDED."lane", "handicap"=EXCLUDED."handicap", "ratingSnapshot"=EXCLUDED."ratingSnapshot", "ownerConfirmed"=TRUE, "jockeyConfirmed"=TRUE, "preRaceStatus"='ready', "resultStatus"='official', "position"=EXCLUDED."position", "finishTime"=EXCLUDED."finishTime", "notes"=EXCLUDED."notes";
INSERT INTO "raceEntries" ("id", "raceId", "horseId", "jockeyUserId", "invitationId", "status", "lane", "handicap", "ratingSnapshot", "ownerConfirmed", "jockeyConfirmed", "preRaceStatus", "disqualified", "resultStatus", "position", "finishTime", "notes", "violationNotes", "createdAt") VALUES ('t_2024_r_05_e_10', 't_2024_r_05', 'h_004', 'u_jockey_pending', NULL, 'approved', 10, 6, 86.9, TRUE, TRUE, 'ready', FALSE, 'official', 10, '01:53.26', 'Score 0 pts', '', '2024-01-01T00:00:00.000Z') ON CONFLICT ("id") DO UPDATE SET "jockeyUserId"=EXCLUDED."jockeyUserId", "lane"=EXCLUDED."lane", "handicap"=EXCLUDED."handicap", "ratingSnapshot"=EXCLUDED."ratingSnapshot", "ownerConfirmed"=TRUE, "jockeyConfirmed"=TRUE, "preRaceStatus"='ready', "resultStatus"='official', "position"=EXCLUDED."position", "finishTime"=EXCLUDED."finishTime", "notes"=EXCLUDED."notes";
INSERT INTO "races" ("id", "tournamentId", "raceNumber", "name", "round", "date", "time", "venue", "distance", "surface", "raceClass", "handicapMin", "handicapMax", "totalPrize", "refereeUserId", "refereeUserIds", "referee", "status", "participants", "ownerConfirmed", "jockeyConfirmed", "registrationPeriodMinutes", "registrationOpensAt", "registrationClosesAt", "resultStatus", "awardsPublished", "createdBy", "createdAt") VALUES ('t_2024_r_06', 't_2024', 'R6', 'Spring Royal Cup R6', 'Qualifier', 'April 012, 2024', '15:00', 'Happy Valley Racecourse', '1800m', 'Dirt', 'Class A', 2, 7, 62000, 'u_referee', 'u_referee', 'Olivia Grant', 'completed', 10, 10, 10, 10, '2024-01-01T00:00:00.000Z', '2024-01-01T00:10:00.000Z', 'official', TRUE, 'u_admin', NULL) ON CONFLICT ("id") DO UPDATE SET "status"='completed', "participants"=10, "ownerConfirmed"=10, "jockeyConfirmed"=10, "resultStatus"='official', "awardsPublished"=TRUE;
INSERT INTO "raceEntries" ("id", "raceId", "horseId", "jockeyUserId", "invitationId", "status", "lane", "handicap", "ratingSnapshot", "ownerConfirmed", "jockeyConfirmed", "preRaceStatus", "disqualified", "resultStatus", "position", "finishTime", "notes", "violationNotes", "createdAt") VALUES ('t_2024_r_06_e_01', 't_2024_r_06', 'h_003', 'u_jockey_pending', NULL, 'approved', 1, 6, 85.4, TRUE, TRUE, 'ready', FALSE, 'official', 1, '01:36.24', 'Score 10 pts', '', '2024-01-01T00:00:00.000Z') ON CONFLICT ("id") DO UPDATE SET "jockeyUserId"=EXCLUDED."jockeyUserId", "lane"=EXCLUDED."lane", "handicap"=EXCLUDED."handicap", "ratingSnapshot"=EXCLUDED."ratingSnapshot", "ownerConfirmed"=TRUE, "jockeyConfirmed"=TRUE, "preRaceStatus"='ready', "resultStatus"='official', "position"=EXCLUDED."position", "finishTime"=EXCLUDED."finishTime", "notes"=EXCLUDED."notes";
INSERT INTO "raceEntries" ("id", "raceId", "horseId", "jockeyUserId", "invitationId", "status", "lane", "handicap", "ratingSnapshot", "ownerConfirmed", "jockeyConfirmed", "preRaceStatus", "disqualified", "resultStatus", "position", "finishTime", "notes", "violationNotes", "createdAt") VALUES ('t_2024_r_06_e_02', 't_2024_r_06', 'h_010', 'u_jockey_hana', NULL, 'approved', 2, 5, 85.8, TRUE, TRUE, 'ready', FALSE, 'official', 2, '01:38.45', 'Score 7 pts', '', '2024-01-01T00:00:00.000Z') ON CONFLICT ("id") DO UPDATE SET "jockeyUserId"=EXCLUDED."jockeyUserId", "lane"=EXCLUDED."lane", "handicap"=EXCLUDED."handicap", "ratingSnapshot"=EXCLUDED."ratingSnapshot", "ownerConfirmed"=TRUE, "jockeyConfirmed"=TRUE, "preRaceStatus"='ready', "resultStatus"='official', "position"=EXCLUDED."position", "finishTime"=EXCLUDED."finishTime", "notes"=EXCLUDED."notes";
INSERT INTO "raceEntries" ("id", "raceId", "horseId", "jockeyUserId", "invitationId", "status", "lane", "handicap", "ratingSnapshot", "ownerConfirmed", "jockeyConfirmed", "preRaceStatus", "disqualified", "resultStatus", "position", "finishTime", "notes", "violationNotes", "createdAt") VALUES ('t_2024_r_06_e_03', 't_2024_r_06', 'h_007', 'u_jockey_daniel', NULL, 'approved', 3, 6, 85.5, TRUE, TRUE, 'ready', FALSE, 'official', 3, '01:40.36', 'Score 5 pts', '', '2024-01-01T00:00:00.000Z') ON CONFLICT ("id") DO UPDATE SET "jockeyUserId"=EXCLUDED."jockeyUserId", "lane"=EXCLUDED."lane", "handicap"=EXCLUDED."handicap", "ratingSnapshot"=EXCLUDED."ratingSnapshot", "ownerConfirmed"=TRUE, "jockeyConfirmed"=TRUE, "preRaceStatus"='ready', "resultStatus"='official', "position"=EXCLUDED."position", "finishTime"=EXCLUDED."finishTime", "notes"=EXCLUDED."notes";
INSERT INTO "raceEntries" ("id", "raceId", "horseId", "jockeyUserId", "invitationId", "status", "lane", "handicap", "ratingSnapshot", "ownerConfirmed", "jockeyConfirmed", "preRaceStatus", "disqualified", "resultStatus", "position", "finishTime", "notes", "violationNotes", "createdAt") VALUES ('t_2024_r_06_e_04', 't_2024_r_06', 'h_004', 'u_jockey_sarah', NULL, 'approved', 4, 6, 86.9, TRUE, TRUE, 'ready', FALSE, 'official', 4, '01:42.27', 'Score 3 pts', '', '2024-01-01T00:00:00.000Z') ON CONFLICT ("id") DO UPDATE SET "jockeyUserId"=EXCLUDED."jockeyUserId", "lane"=EXCLUDED."lane", "handicap"=EXCLUDED."handicap", "ratingSnapshot"=EXCLUDED."ratingSnapshot", "ownerConfirmed"=TRUE, "jockeyConfirmed"=TRUE, "preRaceStatus"='ready', "resultStatus"='official', "position"=EXCLUDED."position", "finishTime"=EXCLUDED."finishTime", "notes"=EXCLUDED."notes";
INSERT INTO "raceEntries" ("id", "raceId", "horseId", "jockeyUserId", "invitationId", "status", "lane", "handicap", "ratingSnapshot", "ownerConfirmed", "jockeyConfirmed", "preRaceStatus", "disqualified", "resultStatus", "position", "finishTime", "notes", "violationNotes", "createdAt") VALUES ('t_2024_r_06_e_05', 't_2024_r_06', 'h_001', 'u_jockey_lucas', NULL, 'approved', 5, 3, 86.8, TRUE, TRUE, 'ready', FALSE, 'official', 5, '01:44.18', 'Score 2 pts', '', '2024-01-01T00:00:00.000Z') ON CONFLICT ("id") DO UPDATE SET "jockeyUserId"=EXCLUDED."jockeyUserId", "lane"=EXCLUDED."lane", "handicap"=EXCLUDED."handicap", "ratingSnapshot"=EXCLUDED."ratingSnapshot", "ownerConfirmed"=TRUE, "jockeyConfirmed"=TRUE, "preRaceStatus"='ready', "resultStatus"='official', "position"=EXCLUDED."position", "finishTime"=EXCLUDED."finishTime", "notes"=EXCLUDED."notes";
INSERT INTO "raceEntries" ("id", "raceId", "horseId", "jockeyUserId", "invitationId", "status", "lane", "handicap", "ratingSnapshot", "ownerConfirmed", "jockeyConfirmed", "preRaceStatus", "disqualified", "resultStatus", "position", "finishTime", "notes", "violationNotes", "createdAt") VALUES ('t_2024_r_06_e_06', 't_2024_r_06', 'h_008', 'u_jockey_amelia', NULL, 'approved', 6, 6, 84.4, TRUE, TRUE, 'ready', FALSE, 'official', 6, '01:46.39', 'Score 1 pts', '', '2024-01-01T00:00:00.000Z') ON CONFLICT ("id") DO UPDATE SET "jockeyUserId"=EXCLUDED."jockeyUserId", "lane"=EXCLUDED."lane", "handicap"=EXCLUDED."handicap", "ratingSnapshot"=EXCLUDED."ratingSnapshot", "ownerConfirmed"=TRUE, "jockeyConfirmed"=TRUE, "preRaceStatus"='ready', "resultStatus"='official', "position"=EXCLUDED."position", "finishTime"=EXCLUDED."finishTime", "notes"=EXCLUDED."notes";
INSERT INTO "raceEntries" ("id", "raceId", "horseId", "jockeyUserId", "invitationId", "status", "lane", "handicap", "ratingSnapshot", "ownerConfirmed", "jockeyConfirmed", "preRaceStatus", "disqualified", "resultStatus", "position", "finishTime", "notes", "violationNotes", "createdAt") VALUES ('t_2024_r_06_e_07', 't_2024_r_06', 'h_005', 'u_jockey_emily', NULL, 'approved', 7, 3, 83.7, TRUE, TRUE, 'ready', FALSE, 'official', 7, '01:48.30', 'Score 0 pts', '', '2024-01-01T00:00:00.000Z') ON CONFLICT ("id") DO UPDATE SET "jockeyUserId"=EXCLUDED."jockeyUserId", "lane"=EXCLUDED."lane", "handicap"=EXCLUDED."handicap", "ratingSnapshot"=EXCLUDED."ratingSnapshot", "ownerConfirmed"=TRUE, "jockeyConfirmed"=TRUE, "preRaceStatus"='ready', "resultStatus"='official', "position"=EXCLUDED."position", "finishTime"=EXCLUDED."finishTime", "notes"=EXCLUDED."notes";
INSERT INTO "raceEntries" ("id", "raceId", "horseId", "jockeyUserId", "invitationId", "status", "lane", "handicap", "ratingSnapshot", "ownerConfirmed", "jockeyConfirmed", "preRaceStatus", "disqualified", "resultStatus", "position", "finishTime", "notes", "violationNotes", "createdAt") VALUES ('t_2024_r_06_e_08', 't_2024_r_06', 'h_002', 'u_jockey', NULL, 'approved', 8, 4, 84, TRUE, TRUE, 'ready', FALSE, 'official', 8, '01:50.21', 'Score 0 pts', '', '2024-01-01T00:00:00.000Z') ON CONFLICT ("id") DO UPDATE SET "jockeyUserId"=EXCLUDED."jockeyUserId", "lane"=EXCLUDED."lane", "handicap"=EXCLUDED."handicap", "ratingSnapshot"=EXCLUDED."ratingSnapshot", "ownerConfirmed"=TRUE, "jockeyConfirmed"=TRUE, "preRaceStatus"='ready', "resultStatus"='official', "position"=EXCLUDED."position", "finishTime"=EXCLUDED."finishTime", "notes"=EXCLUDED."notes";
INSERT INTO "raceEntries" ("id", "raceId", "horseId", "jockeyUserId", "invitationId", "status", "lane", "handicap", "ratingSnapshot", "ownerConfirmed", "jockeyConfirmed", "preRaceStatus", "disqualified", "resultStatus", "position", "finishTime", "notes", "violationNotes", "createdAt") VALUES ('t_2024_r_06_e_09', 't_2024_r_06', 'h_009', 'u_jockey_ryan', NULL, 'approved', 9, 3, 86, TRUE, TRUE, 'ready', FALSE, 'official', 9, '01:52.42', 'Score 0 pts', '', '2024-01-01T00:00:00.000Z') ON CONFLICT ("id") DO UPDATE SET "jockeyUserId"=EXCLUDED."jockeyUserId", "lane"=EXCLUDED."lane", "handicap"=EXCLUDED."handicap", "ratingSnapshot"=EXCLUDED."ratingSnapshot", "ownerConfirmed"=TRUE, "jockeyConfirmed"=TRUE, "preRaceStatus"='ready', "resultStatus"='official', "position"=EXCLUDED."position", "finishTime"=EXCLUDED."finishTime", "notes"=EXCLUDED."notes";
INSERT INTO "raceEntries" ("id", "raceId", "horseId", "jockeyUserId", "invitationId", "status", "lane", "handicap", "ratingSnapshot", "ownerConfirmed", "jockeyConfirmed", "preRaceStatus", "disqualified", "resultStatus", "position", "finishTime", "notes", "violationNotes", "createdAt") VALUES ('t_2024_r_06_e_10', 't_2024_r_06', 'h_006', 'u_jockey_james', NULL, 'approved', 10, 4, 85.7, TRUE, TRUE, 'ready', FALSE, 'official', 10, '01:54.33', 'Score 0 pts', '', '2024-01-01T00:00:00.000Z') ON CONFLICT ("id") DO UPDATE SET "jockeyUserId"=EXCLUDED."jockeyUserId", "lane"=EXCLUDED."lane", "handicap"=EXCLUDED."handicap", "ratingSnapshot"=EXCLUDED."ratingSnapshot", "ownerConfirmed"=TRUE, "jockeyConfirmed"=TRUE, "preRaceStatus"='ready', "resultStatus"='official', "position"=EXCLUDED."position", "finishTime"=EXCLUDED."finishTime", "notes"=EXCLUDED."notes";
INSERT INTO "races" ("id", "tournamentId", "raceNumber", "name", "round", "date", "time", "venue", "distance", "surface", "raceClass", "handicapMin", "handicapMax", "totalPrize", "refereeUserId", "refereeUserIds", "referee", "status", "participants", "ownerConfirmed", "jockeyConfirmed", "registrationPeriodMinutes", "registrationOpensAt", "registrationClosesAt", "resultStatus", "awardsPublished", "createdBy", "createdAt") VALUES ('t_2024_r_07', 't_2024', 'R7', 'Spring Royal Cup R7', 'Semi Final', 'April 014, 2024', '16:30', 'Happy Valley Racecourse', '1900m', 'Turf', 'Class A', 3, 8, 62000, 'u_referee', 'u_referee', 'Olivia Grant', 'completed', 10, 10, 10, 10, '2024-01-01T00:00:00.000Z', '2024-01-01T00:10:00.000Z', 'official', TRUE, 'u_admin', NULL) ON CONFLICT ("id") DO UPDATE SET "status"='completed', "participants"=10, "ownerConfirmed"=10, "jockeyConfirmed"=10, "resultStatus"='official', "awardsPublished"=TRUE;
INSERT INTO "raceEntries" ("id", "raceId", "horseId", "jockeyUserId", "invitationId", "status", "lane", "handicap", "ratingSnapshot", "ownerConfirmed", "jockeyConfirmed", "preRaceStatus", "disqualified", "resultStatus", "position", "finishTime", "notes", "violationNotes", "createdAt") VALUES ('t_2024_r_07_e_01', 't_2024_r_07', 'h_005', 'u_jockey_james', NULL, 'approved', 1, 4, 83.7, TRUE, TRUE, 'ready', FALSE, 'official', 1, '01:37.31', 'Score 10 pts', '', '2024-01-01T00:00:00.000Z') ON CONFLICT ("id") DO UPDATE SET "jockeyUserId"=EXCLUDED."jockeyUserId", "lane"=EXCLUDED."lane", "handicap"=EXCLUDED."handicap", "ratingSnapshot"=EXCLUDED."ratingSnapshot", "ownerConfirmed"=TRUE, "jockeyConfirmed"=TRUE, "preRaceStatus"='ready', "resultStatus"='official', "position"=EXCLUDED."position", "finishTime"=EXCLUDED."finishTime", "notes"=EXCLUDED."notes";
INSERT INTO "raceEntries" ("id", "raceId", "horseId", "jockeyUserId", "invitationId", "status", "lane", "handicap", "ratingSnapshot", "ownerConfirmed", "jockeyConfirmed", "preRaceStatus", "disqualified", "resultStatus", "position", "finishTime", "notes", "violationNotes", "createdAt") VALUES ('t_2024_r_07_e_02', 't_2024_r_07', 'h_002', 'u_jockey_pending', NULL, 'approved', 2, 5, 84, TRUE, TRUE, 'ready', FALSE, 'official', 2, '01:39.22', 'Score 7 pts', '', '2024-01-01T00:00:00.000Z') ON CONFLICT ("id") DO UPDATE SET "jockeyUserId"=EXCLUDED."jockeyUserId", "lane"=EXCLUDED."lane", "handicap"=EXCLUDED."handicap", "ratingSnapshot"=EXCLUDED."ratingSnapshot", "ownerConfirmed"=TRUE, "jockeyConfirmed"=TRUE, "preRaceStatus"='ready', "resultStatus"='official', "position"=EXCLUDED."position", "finishTime"=EXCLUDED."finishTime", "notes"=EXCLUDED."notes";
INSERT INTO "raceEntries" ("id", "raceId", "horseId", "jockeyUserId", "invitationId", "status", "lane", "handicap", "ratingSnapshot", "ownerConfirmed", "jockeyConfirmed", "preRaceStatus", "disqualified", "resultStatus", "position", "finishTime", "notes", "violationNotes", "createdAt") VALUES ('t_2024_r_07_e_03', 't_2024_r_07', 'h_009', 'u_jockey_hana', NULL, 'approved', 3, 4, 86, TRUE, TRUE, 'ready', FALSE, 'official', 3, '01:41.43', 'Score 5 pts', '', '2024-01-01T00:00:00.000Z') ON CONFLICT ("id") DO UPDATE SET "jockeyUserId"=EXCLUDED."jockeyUserId", "lane"=EXCLUDED."lane", "handicap"=EXCLUDED."handicap", "ratingSnapshot"=EXCLUDED."ratingSnapshot", "ownerConfirmed"=TRUE, "jockeyConfirmed"=TRUE, "preRaceStatus"='ready', "resultStatus"='official', "position"=EXCLUDED."position", "finishTime"=EXCLUDED."finishTime", "notes"=EXCLUDED."notes";
INSERT INTO "raceEntries" ("id", "raceId", "horseId", "jockeyUserId", "invitationId", "status", "lane", "handicap", "ratingSnapshot", "ownerConfirmed", "jockeyConfirmed", "preRaceStatus", "disqualified", "resultStatus", "position", "finishTime", "notes", "violationNotes", "createdAt") VALUES ('t_2024_r_07_e_04', 't_2024_r_07', 'h_006', 'u_jockey_daniel', NULL, 'approved', 4, 4, 85.7, TRUE, TRUE, 'ready', FALSE, 'official', 4, '01:43.34', 'Score 3 pts', '', '2024-01-01T00:00:00.000Z') ON CONFLICT ("id") DO UPDATE SET "jockeyUserId"=EXCLUDED."jockeyUserId", "lane"=EXCLUDED."lane", "handicap"=EXCLUDED."handicap", "ratingSnapshot"=EXCLUDED."ratingSnapshot", "ownerConfirmed"=TRUE, "jockeyConfirmed"=TRUE, "preRaceStatus"='ready', "resultStatus"='official', "position"=EXCLUDED."position", "finishTime"=EXCLUDED."finishTime", "notes"=EXCLUDED."notes";
INSERT INTO "raceEntries" ("id", "raceId", "horseId", "jockeyUserId", "invitationId", "status", "lane", "handicap", "ratingSnapshot", "ownerConfirmed", "jockeyConfirmed", "preRaceStatus", "disqualified", "resultStatus", "position", "finishTime", "notes", "violationNotes", "createdAt") VALUES ('t_2024_r_07_e_05', 't_2024_r_07', 'h_003', 'u_jockey_sarah', NULL, 'approved', 5, 5, 85.4, TRUE, TRUE, 'ready', FALSE, 'official', 5, '01:45.25', 'Score 2 pts', '', '2024-01-01T00:00:00.000Z') ON CONFLICT ("id") DO UPDATE SET "jockeyUserId"=EXCLUDED."jockeyUserId", "lane"=EXCLUDED."lane", "handicap"=EXCLUDED."handicap", "ratingSnapshot"=EXCLUDED."ratingSnapshot", "ownerConfirmed"=TRUE, "jockeyConfirmed"=TRUE, "preRaceStatus"='ready', "resultStatus"='official', "position"=EXCLUDED."position", "finishTime"=EXCLUDED."finishTime", "notes"=EXCLUDED."notes";
INSERT INTO "raceEntries" ("id", "raceId", "horseId", "jockeyUserId", "invitationId", "status", "lane", "handicap", "ratingSnapshot", "ownerConfirmed", "jockeyConfirmed", "preRaceStatus", "disqualified", "resultStatus", "position", "finishTime", "notes", "violationNotes", "createdAt") VALUES ('t_2024_r_07_e_06', 't_2024_r_07', 'h_010', 'u_jockey_lucas', NULL, 'approved', 6, 4, 85.8, TRUE, TRUE, 'ready', FALSE, 'official', 6, '01:47.46', 'Score 1 pts', '', '2024-01-01T00:00:00.000Z') ON CONFLICT ("id") DO UPDATE SET "jockeyUserId"=EXCLUDED."jockeyUserId", "lane"=EXCLUDED."lane", "handicap"=EXCLUDED."handicap", "ratingSnapshot"=EXCLUDED."ratingSnapshot", "ownerConfirmed"=TRUE, "jockeyConfirmed"=TRUE, "preRaceStatus"='ready', "resultStatus"='official', "position"=EXCLUDED."position", "finishTime"=EXCLUDED."finishTime", "notes"=EXCLUDED."notes";
INSERT INTO "raceEntries" ("id", "raceId", "horseId", "jockeyUserId", "invitationId", "status", "lane", "handicap", "ratingSnapshot", "ownerConfirmed", "jockeyConfirmed", "preRaceStatus", "disqualified", "resultStatus", "position", "finishTime", "notes", "violationNotes", "createdAt") VALUES ('t_2024_r_07_e_07', 't_2024_r_07', 'h_007', 'u_jockey_amelia', NULL, 'approved', 7, 5, 85.5, TRUE, TRUE, 'ready', FALSE, 'official', 7, '01:49.37', 'Score 0 pts', '', '2024-01-01T00:00:00.000Z') ON CONFLICT ("id") DO UPDATE SET "jockeyUserId"=EXCLUDED."jockeyUserId", "lane"=EXCLUDED."lane", "handicap"=EXCLUDED."handicap", "ratingSnapshot"=EXCLUDED."ratingSnapshot", "ownerConfirmed"=TRUE, "jockeyConfirmed"=TRUE, "preRaceStatus"='ready', "resultStatus"='official', "position"=EXCLUDED."position", "finishTime"=EXCLUDED."finishTime", "notes"=EXCLUDED."notes";
INSERT INTO "raceEntries" ("id", "raceId", "horseId", "jockeyUserId", "invitationId", "status", "lane", "handicap", "ratingSnapshot", "ownerConfirmed", "jockeyConfirmed", "preRaceStatus", "disqualified", "resultStatus", "position", "finishTime", "notes", "violationNotes", "createdAt") VALUES ('t_2024_r_07_e_08', 't_2024_r_07', 'h_004', 'u_jockey_emily', NULL, 'approved', 8, 6, 86.9, TRUE, TRUE, 'ready', FALSE, 'official', 8, '01:51.28', 'Score 0 pts', '', '2024-01-01T00:00:00.000Z') ON CONFLICT ("id") DO UPDATE SET "jockeyUserId"=EXCLUDED."jockeyUserId", "lane"=EXCLUDED."lane", "handicap"=EXCLUDED."handicap", "ratingSnapshot"=EXCLUDED."ratingSnapshot", "ownerConfirmed"=TRUE, "jockeyConfirmed"=TRUE, "preRaceStatus"='ready', "resultStatus"='official', "position"=EXCLUDED."position", "finishTime"=EXCLUDED."finishTime", "notes"=EXCLUDED."notes";
INSERT INTO "raceEntries" ("id", "raceId", "horseId", "jockeyUserId", "invitationId", "status", "lane", "handicap", "ratingSnapshot", "ownerConfirmed", "jockeyConfirmed", "preRaceStatus", "disqualified", "resultStatus", "position", "finishTime", "notes", "violationNotes", "createdAt") VALUES ('t_2024_r_07_e_09', 't_2024_r_07', 'h_001', 'u_jockey', NULL, 'approved', 9, 3, 86.8, TRUE, TRUE, 'ready', FALSE, 'official', 9, '01:53.19', 'Score 0 pts', '', '2024-01-01T00:00:00.000Z') ON CONFLICT ("id") DO UPDATE SET "jockeyUserId"=EXCLUDED."jockeyUserId", "lane"=EXCLUDED."lane", "handicap"=EXCLUDED."handicap", "ratingSnapshot"=EXCLUDED."ratingSnapshot", "ownerConfirmed"=TRUE, "jockeyConfirmed"=TRUE, "preRaceStatus"='ready', "resultStatus"='official', "position"=EXCLUDED."position", "finishTime"=EXCLUDED."finishTime", "notes"=EXCLUDED."notes";
INSERT INTO "raceEntries" ("id", "raceId", "horseId", "jockeyUserId", "invitationId", "status", "lane", "handicap", "ratingSnapshot", "ownerConfirmed", "jockeyConfirmed", "preRaceStatus", "disqualified", "resultStatus", "position", "finishTime", "notes", "violationNotes", "createdAt") VALUES ('t_2024_r_07_e_10', 't_2024_r_07', 'h_008', 'u_jockey_ryan', NULL, 'approved', 10, 6, 84.4, TRUE, TRUE, 'ready', FALSE, 'official', 10, '01:55.40', 'Score 0 pts', '', '2024-01-01T00:00:00.000Z') ON CONFLICT ("id") DO UPDATE SET "jockeyUserId"=EXCLUDED."jockeyUserId", "lane"=EXCLUDED."lane", "handicap"=EXCLUDED."handicap", "ratingSnapshot"=EXCLUDED."ratingSnapshot", "ownerConfirmed"=TRUE, "jockeyConfirmed"=TRUE, "preRaceStatus"='ready', "resultStatus"='official', "position"=EXCLUDED."position", "finishTime"=EXCLUDED."finishTime", "notes"=EXCLUDED."notes";
INSERT INTO "races" ("id", "tournamentId", "raceNumber", "name", "round", "date", "time", "venue", "distance", "surface", "raceClass", "handicapMin", "handicapMax", "totalPrize", "refereeUserId", "refereeUserIds", "referee", "status", "participants", "ownerConfirmed", "jockeyConfirmed", "registrationPeriodMinutes", "registrationOpensAt", "registrationClosesAt", "resultStatus", "awardsPublished", "createdBy", "createdAt") VALUES ('t_2024_r_08', 't_2024', 'R8', 'Spring Royal Cup R8', 'Semi Final', 'April 016, 2024', '17:00', 'Happy Valley Racecourse', '2000m', 'Turf', 'Class A', 0, 9, 62000, 'u_referee', 'u_referee', 'Olivia Grant', 'completed', 10, 10, 10, 10, '2024-01-01T00:00:00.000Z', '2024-01-01T00:10:00.000Z', 'official', TRUE, 'u_admin', NULL) ON CONFLICT ("id") DO UPDATE SET "status"='completed', "participants"=10, "ownerConfirmed"=10, "jockeyConfirmed"=10, "resultStatus"='official', "awardsPublished"=TRUE;
INSERT INTO "raceEntries" ("id", "raceId", "horseId", "jockeyUserId", "invitationId", "status", "lane", "handicap", "ratingSnapshot", "ownerConfirmed", "jockeyConfirmed", "preRaceStatus", "disqualified", "resultStatus", "position", "finishTime", "notes", "violationNotes", "createdAt") VALUES ('t_2024_r_08_e_01', 't_2024_r_08', 'h_007', 'u_jockey_ryan', NULL, 'approved', 1, 6, 85.5, TRUE, TRUE, 'ready', FALSE, 'official', 1, '01:38.38', 'Score 10 pts', '', '2024-01-01T00:00:00.000Z') ON CONFLICT ("id") DO UPDATE SET "jockeyUserId"=EXCLUDED."jockeyUserId", "lane"=EXCLUDED."lane", "handicap"=EXCLUDED."handicap", "ratingSnapshot"=EXCLUDED."ratingSnapshot", "ownerConfirmed"=TRUE, "jockeyConfirmed"=TRUE, "preRaceStatus"='ready', "resultStatus"='official', "position"=EXCLUDED."position", "finishTime"=EXCLUDED."finishTime", "notes"=EXCLUDED."notes";
INSERT INTO "raceEntries" ("id", "raceId", "horseId", "jockeyUserId", "invitationId", "status", "lane", "handicap", "ratingSnapshot", "ownerConfirmed", "jockeyConfirmed", "preRaceStatus", "disqualified", "resultStatus", "position", "finishTime", "notes", "violationNotes", "createdAt") VALUES ('t_2024_r_08_e_02', 't_2024_r_08', 'h_004', 'u_jockey_james', NULL, 'approved', 2, 7, 86.9, TRUE, TRUE, 'ready', FALSE, 'official', 2, '01:40.29', 'Score 7 pts', '', '2024-01-01T00:00:00.000Z') ON CONFLICT ("id") DO UPDATE SET "jockeyUserId"=EXCLUDED."jockeyUserId", "lane"=EXCLUDED."lane", "handicap"=EXCLUDED."handicap", "ratingSnapshot"=EXCLUDED."ratingSnapshot", "ownerConfirmed"=TRUE, "jockeyConfirmed"=TRUE, "preRaceStatus"='ready', "resultStatus"='official', "position"=EXCLUDED."position", "finishTime"=EXCLUDED."finishTime", "notes"=EXCLUDED."notes";
INSERT INTO "raceEntries" ("id", "raceId", "horseId", "jockeyUserId", "invitationId", "status", "lane", "handicap", "ratingSnapshot", "ownerConfirmed", "jockeyConfirmed", "preRaceStatus", "disqualified", "resultStatus", "position", "finishTime", "notes", "violationNotes", "createdAt") VALUES ('t_2024_r_08_e_03', 't_2024_r_08', 'h_001', 'u_jockey_pending', NULL, 'approved', 3, 4, 86.8, TRUE, TRUE, 'ready', FALSE, 'official', 3, '01:42.20', 'Score 5 pts', '', '2024-01-01T00:00:00.000Z') ON CONFLICT ("id") DO UPDATE SET "jockeyUserId"=EXCLUDED."jockeyUserId", "lane"=EXCLUDED."lane", "handicap"=EXCLUDED."handicap", "ratingSnapshot"=EXCLUDED."ratingSnapshot", "ownerConfirmed"=TRUE, "jockeyConfirmed"=TRUE, "preRaceStatus"='ready', "resultStatus"='official', "position"=EXCLUDED."position", "finishTime"=EXCLUDED."finishTime", "notes"=EXCLUDED."notes";
INSERT INTO "raceEntries" ("id", "raceId", "horseId", "jockeyUserId", "invitationId", "status", "lane", "handicap", "ratingSnapshot", "ownerConfirmed", "jockeyConfirmed", "preRaceStatus", "disqualified", "resultStatus", "position", "finishTime", "notes", "violationNotes", "createdAt") VALUES ('t_2024_r_08_e_04', 't_2024_r_08', 'h_008', 'u_jockey_hana', NULL, 'approved', 4, 6, 84.4, TRUE, TRUE, 'ready', FALSE, 'official', 4, '01:44.41', 'Score 3 pts', '', '2024-01-01T00:00:00.000Z') ON CONFLICT ("id") DO UPDATE SET "jockeyUserId"=EXCLUDED."jockeyUserId", "lane"=EXCLUDED."lane", "handicap"=EXCLUDED."handicap", "ratingSnapshot"=EXCLUDED."ratingSnapshot", "ownerConfirmed"=TRUE, "jockeyConfirmed"=TRUE, "preRaceStatus"='ready', "resultStatus"='official', "position"=EXCLUDED."position", "finishTime"=EXCLUDED."finishTime", "notes"=EXCLUDED."notes";
INSERT INTO "raceEntries" ("id", "raceId", "horseId", "jockeyUserId", "invitationId", "status", "lane", "handicap", "ratingSnapshot", "ownerConfirmed", "jockeyConfirmed", "preRaceStatus", "disqualified", "resultStatus", "position", "finishTime", "notes", "violationNotes", "createdAt") VALUES ('t_2024_r_08_e_05', 't_2024_r_08', 'h_005', 'u_jockey_daniel', NULL, 'approved', 5, 3, 83.7, TRUE, TRUE, 'ready', FALSE, 'official', 5, '01:46.32', 'Score 2 pts', '', '2024-01-01T00:00:00.000Z') ON CONFLICT ("id") DO UPDATE SET "jockeyUserId"=EXCLUDED."jockeyUserId", "lane"=EXCLUDED."lane", "handicap"=EXCLUDED."handicap", "ratingSnapshot"=EXCLUDED."ratingSnapshot", "ownerConfirmed"=TRUE, "jockeyConfirmed"=TRUE, "preRaceStatus"='ready', "resultStatus"='official', "position"=EXCLUDED."position", "finishTime"=EXCLUDED."finishTime", "notes"=EXCLUDED."notes";
INSERT INTO "raceEntries" ("id", "raceId", "horseId", "jockeyUserId", "invitationId", "status", "lane", "handicap", "ratingSnapshot", "ownerConfirmed", "jockeyConfirmed", "preRaceStatus", "disqualified", "resultStatus", "position", "finishTime", "notes", "violationNotes", "createdAt") VALUES ('t_2024_r_08_e_06', 't_2024_r_08', 'h_002', 'u_jockey_sarah', NULL, 'approved', 6, 4, 84, TRUE, TRUE, 'ready', FALSE, 'official', 6, '01:48.23', 'Score 1 pts', '', '2024-01-01T00:00:00.000Z') ON CONFLICT ("id") DO UPDATE SET "jockeyUserId"=EXCLUDED."jockeyUserId", "lane"=EXCLUDED."lane", "handicap"=EXCLUDED."handicap", "ratingSnapshot"=EXCLUDED."ratingSnapshot", "ownerConfirmed"=TRUE, "jockeyConfirmed"=TRUE, "preRaceStatus"='ready', "resultStatus"='official', "position"=EXCLUDED."position", "finishTime"=EXCLUDED."finishTime", "notes"=EXCLUDED."notes";
INSERT INTO "raceEntries" ("id", "raceId", "horseId", "jockeyUserId", "invitationId", "status", "lane", "handicap", "ratingSnapshot", "ownerConfirmed", "jockeyConfirmed", "preRaceStatus", "disqualified", "resultStatus", "position", "finishTime", "notes", "violationNotes", "createdAt") VALUES ('t_2024_r_08_e_07', 't_2024_r_08', 'h_009', 'u_jockey_lucas', NULL, 'approved', 7, 3, 86, TRUE, TRUE, 'ready', FALSE, 'official', 7, '01:50.44', 'Score 0 pts', '', '2024-01-01T00:00:00.000Z') ON CONFLICT ("id") DO UPDATE SET "jockeyUserId"=EXCLUDED."jockeyUserId", "lane"=EXCLUDED."lane", "handicap"=EXCLUDED."handicap", "ratingSnapshot"=EXCLUDED."ratingSnapshot", "ownerConfirmed"=TRUE, "jockeyConfirmed"=TRUE, "preRaceStatus"='ready', "resultStatus"='official', "position"=EXCLUDED."position", "finishTime"=EXCLUDED."finishTime", "notes"=EXCLUDED."notes";
INSERT INTO "raceEntries" ("id", "raceId", "horseId", "jockeyUserId", "invitationId", "status", "lane", "handicap", "ratingSnapshot", "ownerConfirmed", "jockeyConfirmed", "preRaceStatus", "disqualified", "resultStatus", "position", "finishTime", "notes", "violationNotes", "createdAt") VALUES ('t_2024_r_08_e_08', 't_2024_r_08', 'h_006', 'u_jockey_amelia', NULL, 'approved', 8, 4, 85.7, TRUE, TRUE, 'ready', FALSE, 'official', 8, '01:52.35', 'Score 0 pts', '', '2024-01-01T00:00:00.000Z') ON CONFLICT ("id") DO UPDATE SET "jockeyUserId"=EXCLUDED."jockeyUserId", "lane"=EXCLUDED."lane", "handicap"=EXCLUDED."handicap", "ratingSnapshot"=EXCLUDED."ratingSnapshot", "ownerConfirmed"=TRUE, "jockeyConfirmed"=TRUE, "preRaceStatus"='ready', "resultStatus"='official', "position"=EXCLUDED."position", "finishTime"=EXCLUDED."finishTime", "notes"=EXCLUDED."notes";
INSERT INTO "raceEntries" ("id", "raceId", "horseId", "jockeyUserId", "invitationId", "status", "lane", "handicap", "ratingSnapshot", "ownerConfirmed", "jockeyConfirmed", "preRaceStatus", "disqualified", "resultStatus", "position", "finishTime", "notes", "violationNotes", "createdAt") VALUES ('t_2024_r_08_e_09', 't_2024_r_08', 'h_003', 'u_jockey_emily', NULL, 'approved', 9, 5, 85.4, TRUE, TRUE, 'ready', FALSE, 'official', 9, '01:54.26', 'Score 0 pts', '', '2024-01-01T00:00:00.000Z') ON CONFLICT ("id") DO UPDATE SET "jockeyUserId"=EXCLUDED."jockeyUserId", "lane"=EXCLUDED."lane", "handicap"=EXCLUDED."handicap", "ratingSnapshot"=EXCLUDED."ratingSnapshot", "ownerConfirmed"=TRUE, "jockeyConfirmed"=TRUE, "preRaceStatus"='ready', "resultStatus"='official', "position"=EXCLUDED."position", "finishTime"=EXCLUDED."finishTime", "notes"=EXCLUDED."notes";
INSERT INTO "raceEntries" ("id", "raceId", "horseId", "jockeyUserId", "invitationId", "status", "lane", "handicap", "ratingSnapshot", "ownerConfirmed", "jockeyConfirmed", "preRaceStatus", "disqualified", "resultStatus", "position", "finishTime", "notes", "violationNotes", "createdAt") VALUES ('t_2024_r_08_e_10', 't_2024_r_08', 'h_010', 'u_jockey', NULL, 'approved', 10, 4, 85.8, TRUE, TRUE, 'ready', FALSE, 'official', 10, '01:56.47', 'Score 0 pts', '', '2024-01-01T00:00:00.000Z') ON CONFLICT ("id") DO UPDATE SET "jockeyUserId"=EXCLUDED."jockeyUserId", "lane"=EXCLUDED."lane", "handicap"=EXCLUDED."handicap", "ratingSnapshot"=EXCLUDED."ratingSnapshot", "ownerConfirmed"=TRUE, "jockeyConfirmed"=TRUE, "preRaceStatus"='ready', "resultStatus"='official', "position"=EXCLUDED."position", "finishTime"=EXCLUDED."finishTime", "notes"=EXCLUDED."notes";
INSERT INTO "races" ("id", "tournamentId", "raceNumber", "name", "round", "date", "time", "venue", "distance", "surface", "raceClass", "handicapMin", "handicapMax", "totalPrize", "refereeUserId", "refereeUserIds", "referee", "status", "participants", "ownerConfirmed", "jockeyConfirmed", "registrationPeriodMinutes", "registrationOpensAt", "registrationClosesAt", "resultStatus", "awardsPublished", "createdBy", "createdAt") VALUES ('t_2024_r_09', 't_2024', 'R9', 'Spring Royal Cup R9', 'Semi Final', 'April 018, 2024', '15:30', 'Happy Valley Racecourse', '2100m', 'Dirt', 'Class A', 1, 10, 62000, 'u_referee', 'u_referee', 'Olivia Grant', 'completed', 10, 10, 10, 10, '2024-01-01T00:00:00.000Z', '2024-01-01T00:10:00.000Z', 'official', TRUE, 'u_admin', NULL) ON CONFLICT ("id") DO UPDATE SET "status"='completed', "participants"=10, "ownerConfirmed"=10, "jockeyConfirmed"=10, "resultStatus"='official', "awardsPublished"=TRUE;
INSERT INTO "raceEntries" ("id", "raceId", "horseId", "jockeyUserId", "invitationId", "status", "lane", "handicap", "ratingSnapshot", "ownerConfirmed", "jockeyConfirmed", "preRaceStatus", "disqualified", "resultStatus", "position", "finishTime", "notes", "violationNotes", "createdAt") VALUES ('t_2024_r_09_e_01', 't_2024_r_09', 'h_009', 'u_jockey', NULL, 'approved', 1, 4, 86, TRUE, TRUE, 'ready', FALSE, 'official', 1, '01:39.45', 'Score 10 pts', '', '2024-01-01T00:00:00.000Z') ON CONFLICT ("id") DO UPDATE SET "jockeyUserId"=EXCLUDED."jockeyUserId", "lane"=EXCLUDED."lane", "handicap"=EXCLUDED."handicap", "ratingSnapshot"=EXCLUDED."ratingSnapshot", "ownerConfirmed"=TRUE, "jockeyConfirmed"=TRUE, "preRaceStatus"='ready', "resultStatus"='official', "position"=EXCLUDED."position", "finishTime"=EXCLUDED."finishTime", "notes"=EXCLUDED."notes";
INSERT INTO "raceEntries" ("id", "raceId", "horseId", "jockeyUserId", "invitationId", "status", "lane", "handicap", "ratingSnapshot", "ownerConfirmed", "jockeyConfirmed", "preRaceStatus", "disqualified", "resultStatus", "position", "finishTime", "notes", "violationNotes", "createdAt") VALUES ('t_2024_r_09_e_02', 't_2024_r_09', 'h_006', 'u_jockey_ryan', NULL, 'approved', 2, 5, 85.7, TRUE, TRUE, 'ready', FALSE, 'official', 2, '01:41.36', 'Score 7 pts', '', '2024-01-01T00:00:00.000Z') ON CONFLICT ("id") DO UPDATE SET "jockeyUserId"=EXCLUDED."jockeyUserId", "lane"=EXCLUDED."lane", "handicap"=EXCLUDED."handicap", "ratingSnapshot"=EXCLUDED."ratingSnapshot", "ownerConfirmed"=TRUE, "jockeyConfirmed"=TRUE, "preRaceStatus"='ready', "resultStatus"='official', "position"=EXCLUDED."position", "finishTime"=EXCLUDED."finishTime", "notes"=EXCLUDED."notes";
INSERT INTO "raceEntries" ("id", "raceId", "horseId", "jockeyUserId", "invitationId", "status", "lane", "handicap", "ratingSnapshot", "ownerConfirmed", "jockeyConfirmed", "preRaceStatus", "disqualified", "resultStatus", "position", "finishTime", "notes", "violationNotes", "createdAt") VALUES ('t_2024_r_09_e_03', 't_2024_r_09', 'h_003', 'u_jockey_james', NULL, 'approved', 3, 6, 85.4, TRUE, TRUE, 'ready', FALSE, 'official', 3, '01:43.27', 'Score 5 pts', '', '2024-01-01T00:00:00.000Z') ON CONFLICT ("id") DO UPDATE SET "jockeyUserId"=EXCLUDED."jockeyUserId", "lane"=EXCLUDED."lane", "handicap"=EXCLUDED."handicap", "ratingSnapshot"=EXCLUDED."ratingSnapshot", "ownerConfirmed"=TRUE, "jockeyConfirmed"=TRUE, "preRaceStatus"='ready', "resultStatus"='official', "position"=EXCLUDED."position", "finishTime"=EXCLUDED."finishTime", "notes"=EXCLUDED."notes";
INSERT INTO "raceEntries" ("id", "raceId", "horseId", "jockeyUserId", "invitationId", "status", "lane", "handicap", "ratingSnapshot", "ownerConfirmed", "jockeyConfirmed", "preRaceStatus", "disqualified", "resultStatus", "position", "finishTime", "notes", "violationNotes", "createdAt") VALUES ('t_2024_r_09_e_04', 't_2024_r_09', 'h_010', 'u_jockey_pending', NULL, 'approved', 4, 4, 85.8, TRUE, TRUE, 'ready', FALSE, 'official', 4, '01:45.48', 'Score 3 pts', '', '2024-01-01T00:00:00.000Z') ON CONFLICT ("id") DO UPDATE SET "jockeyUserId"=EXCLUDED."jockeyUserId", "lane"=EXCLUDED."lane", "handicap"=EXCLUDED."handicap", "ratingSnapshot"=EXCLUDED."ratingSnapshot", "ownerConfirmed"=TRUE, "jockeyConfirmed"=TRUE, "preRaceStatus"='ready', "resultStatus"='official', "position"=EXCLUDED."position", "finishTime"=EXCLUDED."finishTime", "notes"=EXCLUDED."notes";
INSERT INTO "raceEntries" ("id", "raceId", "horseId", "jockeyUserId", "invitationId", "status", "lane", "handicap", "ratingSnapshot", "ownerConfirmed", "jockeyConfirmed", "preRaceStatus", "disqualified", "resultStatus", "position", "finishTime", "notes", "violationNotes", "createdAt") VALUES ('t_2024_r_09_e_05', 't_2024_r_09', 'h_007', 'u_jockey_hana', NULL, 'approved', 5, 5, 85.5, TRUE, TRUE, 'ready', FALSE, 'official', 5, '01:47.39', 'Score 2 pts', '', '2024-01-01T00:00:00.000Z') ON CONFLICT ("id") DO UPDATE SET "jockeyUserId"=EXCLUDED."jockeyUserId", "lane"=EXCLUDED."lane", "handicap"=EXCLUDED."handicap", "ratingSnapshot"=EXCLUDED."ratingSnapshot", "ownerConfirmed"=TRUE, "jockeyConfirmed"=TRUE, "preRaceStatus"='ready', "resultStatus"='official', "position"=EXCLUDED."position", "finishTime"=EXCLUDED."finishTime", "notes"=EXCLUDED."notes";
INSERT INTO "raceEntries" ("id", "raceId", "horseId", "jockeyUserId", "invitationId", "status", "lane", "handicap", "ratingSnapshot", "ownerConfirmed", "jockeyConfirmed", "preRaceStatus", "disqualified", "resultStatus", "position", "finishTime", "notes", "violationNotes", "createdAt") VALUES ('t_2024_r_09_e_06', 't_2024_r_09', 'h_004', 'u_jockey_daniel', NULL, 'approved', 6, 6, 86.9, TRUE, TRUE, 'ready', FALSE, 'official', 6, '01:49.30', 'Score 1 pts', '', '2024-01-01T00:00:00.000Z') ON CONFLICT ("id") DO UPDATE SET "jockeyUserId"=EXCLUDED."jockeyUserId", "lane"=EXCLUDED."lane", "handicap"=EXCLUDED."handicap", "ratingSnapshot"=EXCLUDED."ratingSnapshot", "ownerConfirmed"=TRUE, "jockeyConfirmed"=TRUE, "preRaceStatus"='ready', "resultStatus"='official', "position"=EXCLUDED."position", "finishTime"=EXCLUDED."finishTime", "notes"=EXCLUDED."notes";
INSERT INTO "raceEntries" ("id", "raceId", "horseId", "jockeyUserId", "invitationId", "status", "lane", "handicap", "ratingSnapshot", "ownerConfirmed", "jockeyConfirmed", "preRaceStatus", "disqualified", "resultStatus", "position", "finishTime", "notes", "violationNotes", "createdAt") VALUES ('t_2024_r_09_e_07', 't_2024_r_09', 'h_001', 'u_jockey_sarah', NULL, 'approved', 7, 3, 86.8, TRUE, TRUE, 'ready', FALSE, 'official', 7, '01:51.21', 'Score 0 pts', '', '2024-01-01T00:00:00.000Z') ON CONFLICT ("id") DO UPDATE SET "jockeyUserId"=EXCLUDED."jockeyUserId", "lane"=EXCLUDED."lane", "handicap"=EXCLUDED."handicap", "ratingSnapshot"=EXCLUDED."ratingSnapshot", "ownerConfirmed"=TRUE, "jockeyConfirmed"=TRUE, "preRaceStatus"='ready', "resultStatus"='official', "position"=EXCLUDED."position", "finishTime"=EXCLUDED."finishTime", "notes"=EXCLUDED."notes";
INSERT INTO "raceEntries" ("id", "raceId", "horseId", "jockeyUserId", "invitationId", "status", "lane", "handicap", "ratingSnapshot", "ownerConfirmed", "jockeyConfirmed", "preRaceStatus", "disqualified", "resultStatus", "position", "finishTime", "notes", "violationNotes", "createdAt") VALUES ('t_2024_r_09_e_08', 't_2024_r_09', 'h_008', 'u_jockey_lucas', NULL, 'approved', 8, 6, 84.4, TRUE, TRUE, 'ready', FALSE, 'official', 8, '01:53.42', 'Score 0 pts', '', '2024-01-01T00:00:00.000Z') ON CONFLICT ("id") DO UPDATE SET "jockeyUserId"=EXCLUDED."jockeyUserId", "lane"=EXCLUDED."lane", "handicap"=EXCLUDED."handicap", "ratingSnapshot"=EXCLUDED."ratingSnapshot", "ownerConfirmed"=TRUE, "jockeyConfirmed"=TRUE, "preRaceStatus"='ready', "resultStatus"='official', "position"=EXCLUDED."position", "finishTime"=EXCLUDED."finishTime", "notes"=EXCLUDED."notes";
INSERT INTO "raceEntries" ("id", "raceId", "horseId", "jockeyUserId", "invitationId", "status", "lane", "handicap", "ratingSnapshot", "ownerConfirmed", "jockeyConfirmed", "preRaceStatus", "disqualified", "resultStatus", "position", "finishTime", "notes", "violationNotes", "createdAt") VALUES ('t_2024_r_09_e_09', 't_2024_r_09', 'h_005', 'u_jockey_amelia', NULL, 'approved', 9, 3, 83.7, TRUE, TRUE, 'ready', FALSE, 'official', 9, '01:55.33', 'Score 0 pts', '', '2024-01-01T00:00:00.000Z') ON CONFLICT ("id") DO UPDATE SET "jockeyUserId"=EXCLUDED."jockeyUserId", "lane"=EXCLUDED."lane", "handicap"=EXCLUDED."handicap", "ratingSnapshot"=EXCLUDED."ratingSnapshot", "ownerConfirmed"=TRUE, "jockeyConfirmed"=TRUE, "preRaceStatus"='ready', "resultStatus"='official', "position"=EXCLUDED."position", "finishTime"=EXCLUDED."finishTime", "notes"=EXCLUDED."notes";
INSERT INTO "raceEntries" ("id", "raceId", "horseId", "jockeyUserId", "invitationId", "status", "lane", "handicap", "ratingSnapshot", "ownerConfirmed", "jockeyConfirmed", "preRaceStatus", "disqualified", "resultStatus", "position", "finishTime", "notes", "violationNotes", "createdAt") VALUES ('t_2024_r_09_e_10', 't_2024_r_09', 'h_002', 'u_jockey_emily', NULL, 'approved', 10, 4, 84, TRUE, TRUE, 'ready', FALSE, 'official', 10, '01:57.24', 'Score 0 pts', '', '2024-01-01T00:00:00.000Z') ON CONFLICT ("id") DO UPDATE SET "jockeyUserId"=EXCLUDED."jockeyUserId", "lane"=EXCLUDED."lane", "handicap"=EXCLUDED."handicap", "ratingSnapshot"=EXCLUDED."ratingSnapshot", "ownerConfirmed"=TRUE, "jockeyConfirmed"=TRUE, "preRaceStatus"='ready', "resultStatus"='official', "position"=EXCLUDED."position", "finishTime"=EXCLUDED."finishTime", "notes"=EXCLUDED."notes";
INSERT INTO "races" ("id", "tournamentId", "raceNumber", "name", "round", "date", "time", "venue", "distance", "surface", "raceClass", "handicapMin", "handicapMax", "totalPrize", "refereeUserId", "refereeUserIds", "referee", "status", "participants", "ownerConfirmed", "jockeyConfirmed", "registrationPeriodMinutes", "registrationOpensAt", "registrationClosesAt", "resultStatus", "awardsPublished", "createdBy", "createdAt") VALUES ('t_2024_r_10', 't_2024', 'R10', 'Spring Royal Cup R10', 'Final', 'April 25, 2024', '16:00', 'Happy Valley Racecourse', '2200m', 'Turf', 'Championship', 2, 6, 62000, 'u_referee', 'u_referee', 'Olivia Grant', 'completed', 10, 10, 10, 10, '2024-01-01T00:00:00.000Z', '2024-01-01T00:10:00.000Z', 'official', TRUE, 'u_admin', NULL) ON CONFLICT ("id") DO UPDATE SET "status"='completed', "participants"=10, "ownerConfirmed"=10, "jockeyConfirmed"=10, "resultStatus"='official', "awardsPublished"=TRUE;
INSERT INTO "raceEntries" ("id", "raceId", "horseId", "jockeyUserId", "invitationId", "status", "lane", "handicap", "ratingSnapshot", "ownerConfirmed", "jockeyConfirmed", "preRaceStatus", "disqualified", "resultStatus", "position", "finishTime", "notes", "violationNotes", "createdAt") VALUES ('t_2024_r_10_e_01', 't_2024_r_10', 'h_001', 'u_jockey_emily', NULL, 'approved', 1, 4, 86.8, TRUE, TRUE, 'ready', FALSE, 'official', 1, '01:40.22', 'Score 10 pts', '', '2024-01-01T00:00:00.000Z') ON CONFLICT ("id") DO UPDATE SET "jockeyUserId"=EXCLUDED."jockeyUserId", "lane"=EXCLUDED."lane", "handicap"=EXCLUDED."handicap", "ratingSnapshot"=EXCLUDED."ratingSnapshot", "ownerConfirmed"=TRUE, "jockeyConfirmed"=TRUE, "preRaceStatus"='ready', "resultStatus"='official', "position"=EXCLUDED."position", "finishTime"=EXCLUDED."finishTime", "notes"=EXCLUDED."notes";
INSERT INTO "raceEntries" ("id", "raceId", "horseId", "jockeyUserId", "invitationId", "status", "lane", "handicap", "ratingSnapshot", "ownerConfirmed", "jockeyConfirmed", "preRaceStatus", "disqualified", "resultStatus", "position", "finishTime", "notes", "violationNotes", "createdAt") VALUES ('t_2024_r_10_e_02', 't_2024_r_10', 'h_008', 'u_jockey', NULL, 'approved', 2, 7, 84.4, TRUE, TRUE, 'ready', FALSE, 'official', 2, '01:42.43', 'Score 7 pts', '', '2024-01-01T00:00:00.000Z') ON CONFLICT ("id") DO UPDATE SET "jockeyUserId"=EXCLUDED."jockeyUserId", "lane"=EXCLUDED."lane", "handicap"=EXCLUDED."handicap", "ratingSnapshot"=EXCLUDED."ratingSnapshot", "ownerConfirmed"=TRUE, "jockeyConfirmed"=TRUE, "preRaceStatus"='ready', "resultStatus"='official', "position"=EXCLUDED."position", "finishTime"=EXCLUDED."finishTime", "notes"=EXCLUDED."notes";
INSERT INTO "raceEntries" ("id", "raceId", "horseId", "jockeyUserId", "invitationId", "status", "lane", "handicap", "ratingSnapshot", "ownerConfirmed", "jockeyConfirmed", "preRaceStatus", "disqualified", "resultStatus", "position", "finishTime", "notes", "violationNotes", "createdAt") VALUES ('t_2024_r_10_e_03', 't_2024_r_10', 'h_005', 'u_jockey_ryan', NULL, 'approved', 3, 4, 83.7, TRUE, TRUE, 'ready', FALSE, 'official', 3, '01:44.34', 'Score 5 pts', '', '2024-01-01T00:00:00.000Z') ON CONFLICT ("id") DO UPDATE SET "jockeyUserId"=EXCLUDED."jockeyUserId", "lane"=EXCLUDED."lane", "handicap"=EXCLUDED."handicap", "ratingSnapshot"=EXCLUDED."ratingSnapshot", "ownerConfirmed"=TRUE, "jockeyConfirmed"=TRUE, "preRaceStatus"='ready', "resultStatus"='official', "position"=EXCLUDED."position", "finishTime"=EXCLUDED."finishTime", "notes"=EXCLUDED."notes";
INSERT INTO "raceEntries" ("id", "raceId", "horseId", "jockeyUserId", "invitationId", "status", "lane", "handicap", "ratingSnapshot", "ownerConfirmed", "jockeyConfirmed", "preRaceStatus", "disqualified", "resultStatus", "position", "finishTime", "notes", "violationNotes", "createdAt") VALUES ('t_2024_r_10_e_04', 't_2024_r_10', 'h_002', 'u_jockey_james', NULL, 'approved', 4, 4, 84, TRUE, TRUE, 'ready', FALSE, 'official', 4, '01:46.25', 'Score 3 pts', '', '2024-01-01T00:00:00.000Z') ON CONFLICT ("id") DO UPDATE SET "jockeyUserId"=EXCLUDED."jockeyUserId", "lane"=EXCLUDED."lane", "handicap"=EXCLUDED."handicap", "ratingSnapshot"=EXCLUDED."ratingSnapshot", "ownerConfirmed"=TRUE, "jockeyConfirmed"=TRUE, "preRaceStatus"='ready', "resultStatus"='official', "position"=EXCLUDED."position", "finishTime"=EXCLUDED."finishTime", "notes"=EXCLUDED."notes";
INSERT INTO "raceEntries" ("id", "raceId", "horseId", "jockeyUserId", "invitationId", "status", "lane", "handicap", "ratingSnapshot", "ownerConfirmed", "jockeyConfirmed", "preRaceStatus", "disqualified", "resultStatus", "position", "finishTime", "notes", "violationNotes", "createdAt") VALUES ('t_2024_r_10_e_05', 't_2024_r_10', 'h_009', 'u_jockey_pending', NULL, 'approved', 5, 3, 86, TRUE, TRUE, 'ready', FALSE, 'official', 5, '01:48.46', 'Score 2 pts', '', '2024-01-01T00:00:00.000Z') ON CONFLICT ("id") DO UPDATE SET "jockeyUserId"=EXCLUDED."jockeyUserId", "lane"=EXCLUDED."lane", "handicap"=EXCLUDED."handicap", "ratingSnapshot"=EXCLUDED."ratingSnapshot", "ownerConfirmed"=TRUE, "jockeyConfirmed"=TRUE, "preRaceStatus"='ready', "resultStatus"='official', "position"=EXCLUDED."position", "finishTime"=EXCLUDED."finishTime", "notes"=EXCLUDED."notes";
INSERT INTO "raceEntries" ("id", "raceId", "horseId", "jockeyUserId", "invitationId", "status", "lane", "handicap", "ratingSnapshot", "ownerConfirmed", "jockeyConfirmed", "preRaceStatus", "disqualified", "resultStatus", "position", "finishTime", "notes", "violationNotes", "createdAt") VALUES ('t_2024_r_10_e_06', 't_2024_r_10', 'h_006', 'u_jockey_hana', NULL, 'approved', 6, 4, 85.7, TRUE, TRUE, 'ready', FALSE, 'official', 6, '01:50.37', 'Score 1 pts', '', '2024-01-01T00:00:00.000Z') ON CONFLICT ("id") DO UPDATE SET "jockeyUserId"=EXCLUDED."jockeyUserId", "lane"=EXCLUDED."lane", "handicap"=EXCLUDED."handicap", "ratingSnapshot"=EXCLUDED."ratingSnapshot", "ownerConfirmed"=TRUE, "jockeyConfirmed"=TRUE, "preRaceStatus"='ready', "resultStatus"='official', "position"=EXCLUDED."position", "finishTime"=EXCLUDED."finishTime", "notes"=EXCLUDED."notes";
INSERT INTO "raceEntries" ("id", "raceId", "horseId", "jockeyUserId", "invitationId", "status", "lane", "handicap", "ratingSnapshot", "ownerConfirmed", "jockeyConfirmed", "preRaceStatus", "disqualified", "resultStatus", "position", "finishTime", "notes", "violationNotes", "createdAt") VALUES ('t_2024_r_10_e_07', 't_2024_r_10', 'h_003', 'u_jockey_daniel', NULL, 'approved', 7, 5, 85.4, TRUE, TRUE, 'ready', FALSE, 'official', 7, '01:52.28', 'Score 0 pts', '', '2024-01-01T00:00:00.000Z') ON CONFLICT ("id") DO UPDATE SET "jockeyUserId"=EXCLUDED."jockeyUserId", "lane"=EXCLUDED."lane", "handicap"=EXCLUDED."handicap", "ratingSnapshot"=EXCLUDED."ratingSnapshot", "ownerConfirmed"=TRUE, "jockeyConfirmed"=TRUE, "preRaceStatus"='ready', "resultStatus"='official', "position"=EXCLUDED."position", "finishTime"=EXCLUDED."finishTime", "notes"=EXCLUDED."notes";
INSERT INTO "raceEntries" ("id", "raceId", "horseId", "jockeyUserId", "invitationId", "status", "lane", "handicap", "ratingSnapshot", "ownerConfirmed", "jockeyConfirmed", "preRaceStatus", "disqualified", "resultStatus", "position", "finishTime", "notes", "violationNotes", "createdAt") VALUES ('t_2024_r_10_e_08', 't_2024_r_10', 'h_010', 'u_jockey_sarah', NULL, 'approved', 8, 4, 85.8, TRUE, TRUE, 'ready', FALSE, 'official', 8, '01:54.49', 'Score 0 pts', '', '2024-01-01T00:00:00.000Z') ON CONFLICT ("id") DO UPDATE SET "jockeyUserId"=EXCLUDED."jockeyUserId", "lane"=EXCLUDED."lane", "handicap"=EXCLUDED."handicap", "ratingSnapshot"=EXCLUDED."ratingSnapshot", "ownerConfirmed"=TRUE, "jockeyConfirmed"=TRUE, "preRaceStatus"='ready', "resultStatus"='official', "position"=EXCLUDED."position", "finishTime"=EXCLUDED."finishTime", "notes"=EXCLUDED."notes";
INSERT INTO "raceEntries" ("id", "raceId", "horseId", "jockeyUserId", "invitationId", "status", "lane", "handicap", "ratingSnapshot", "ownerConfirmed", "jockeyConfirmed", "preRaceStatus", "disqualified", "resultStatus", "position", "finishTime", "notes", "violationNotes", "createdAt") VALUES ('t_2024_r_10_e_09', 't_2024_r_10', 'h_007', 'u_jockey_lucas', NULL, 'approved', 9, 5, 85.5, TRUE, TRUE, 'ready', FALSE, 'official', 9, '01:56.40', 'Score 0 pts', '', '2024-01-01T00:00:00.000Z') ON CONFLICT ("id") DO UPDATE SET "jockeyUserId"=EXCLUDED."jockeyUserId", "lane"=EXCLUDED."lane", "handicap"=EXCLUDED."handicap", "ratingSnapshot"=EXCLUDED."ratingSnapshot", "ownerConfirmed"=TRUE, "jockeyConfirmed"=TRUE, "preRaceStatus"='ready', "resultStatus"='official', "position"=EXCLUDED."position", "finishTime"=EXCLUDED."finishTime", "notes"=EXCLUDED."notes";
INSERT INTO "raceEntries" ("id", "raceId", "horseId", "jockeyUserId", "invitationId", "status", "lane", "handicap", "ratingSnapshot", "ownerConfirmed", "jockeyConfirmed", "preRaceStatus", "disqualified", "resultStatus", "position", "finishTime", "notes", "violationNotes", "createdAt") VALUES ('t_2024_r_10_e_10', 't_2024_r_10', 'h_004', 'u_jockey_amelia', NULL, 'approved', 10, 6, 86.9, TRUE, TRUE, 'ready', FALSE, 'official', 10, '01:58.31', 'Score 0 pts', '', '2024-01-01T00:00:00.000Z') ON CONFLICT ("id") DO UPDATE SET "jockeyUserId"=EXCLUDED."jockeyUserId", "lane"=EXCLUDED."lane", "handicap"=EXCLUDED."handicap", "ratingSnapshot"=EXCLUDED."ratingSnapshot", "ownerConfirmed"=TRUE, "jockeyConfirmed"=TRUE, "preRaceStatus"='ready', "resultStatus"='official', "position"=EXCLUDED."position", "finishTime"=EXCLUDED."finishTime", "notes"=EXCLUDED."notes";

COMMIT;
